date,W_tilde
2014-12-31,-0.36104327887874893
2015-01-01,-0.45032931315766656
2015-01-02,-0.921077828068214
2015-01-03,-0.9572702994211012
2015-01-04,-1.4519612677739815
2015-01-05,-1.5829755458302246
2015-01-06,-1.851513974988546
2015-01-07,-1.256822060866237
2015-01-08,-0.7837927643768741
2015-01-09,-0.8070807612346402
2015-01-10,-0.1085511279111584
2015-01-11,-0.07202390176376187
2015-01-12,-0.7591658330356409
2015-01-13,0.2842264746004389
2015-01-14,-0.2816656926754368
2015-01-15,1.099866551383051
2015-01-16,0.9220649554521985
2015-01-17,-0.39498692360633864
2015-01-18,0.5435544883018882
2015-01-19,0.9507186344152435
2015-01-20,-0.9075772910352783
2015-01-21,0.8289570193763444
2015-01-22,1.0269127877542106
2015-01-23,-0.3990619610433702
2015-01-24,0.1683851223859005
2015-01-25,0.5010293601019294
2015-01-26,-1.5169847456998264
2015-01-27,-0.5931482286949001
2015-01-28,-1.1409453839545791
2015-01-29,1.471055924174588
2015-01-30,3.095170522539868
2015-01-31,2.2361644456515006
2015-02-01,1.1662035678608256
2015-02-02,1.1315710261773728
2015-02-03,1.2642507381562387
2015-02-04,1.5511107640877895
2015-02-05,1.2876106887157235
2015-02-06,0.006518812583657263
2015-02-07,-1.5503655246207904
2015-02-08,-0.12617163912577656
2015-02-09,0.5284155069768978
2015-02-10,0.20274970065151782
2015-02-11,-0.7100132340628504
2015-02-12,-2.0023614450280642
2015-02-13,0.3561265163957259
2015-02-14,1.5215703332877768
2015-02-15,1.0489171091682032
2015-02-16,-0.02180057672371437
2015-02-17,1.8162934696294304
2015-02-18,0.8949506356453728
2015-02-19,-0.2415030115987447
2015-02-20,-0.8003167216327707
2015-02-21,1.0288378722333094
2015-02-22,0.9129867475806834
2015-02-23,1.1147017149338716
2015-02-24,1.6751129734527843
2015-02-25,0.9348021045237523
2015-02-26,0.18614328907763558
2015-02-27,0.18656601664966788
2015-02-28,-1.6697945126401563
2015-03-01,-1.146138913488475
2015-03-02,-1.751487564267421
2015-03-03,-1.630542875744182
2015-03-04,0.3828612497384955
2015-03-05,0.7753234312450259
2015-03-06,-0.23264431735753968
2015-03-07,-1.24712538218004
2015-03-08,-1.8565172415020978
2015-03-09,-1.6016118088688254
2015-03-10,-1.9432430554081657
2015-03-11,-1.9482384998865923
2015-03-12,-1.0787824926797849
2015-03-13,-0.6173691735839754
2015-03-14,-0.1969303806321211
2015-03-15,-1.3774171971439741
2015-03-16,-1.8307544616549272
2015-03-17,0.14058256898678512
2015-03-18,0.9074078596747348
2015-03-19,1.31388914051158
2015-03-20,1.736333472082106
2015-03-21,0.8483725189313697
2015-03-22,0.3628186167066003
2015-03-23,-0.013046825452375855
2015-03-24,0.998925445726056
2015-03-25,1.5241781462240134
2015-03-26,0.22121026749117062
2015-03-27,-0.6319891503389903
2015-03-28,-1.7127736037842498
2015-03-29,-1.1354322958974445
2015-03-30,-0.45807329505749084
2015-03-31,-1.611247554314959
2015-04-01,-0.9776691815761731
2015-04-02,-2.07715188962634
2015-04-03,-1.6626524139676986
2015-04-04,-1.0609176004103382
2015-04-05,-0.9935651507530099
2015-04-06,0.17575941818317792
2015-04-07,0.9366331807458316
2015-04-08,1.0195407191490922
2015-04-09,-0.702954998335957
2015-04-10,-1.5476719191794575
2015-04-11,-0.9918783838736879
2015-04-12,-0.22169134244427918
2015-04-13,-0.5853375555867014
2015-04-14,0.7210573481123571
2015-04-15,0.1031396394270707
2015-04-16,-0.5691231309571193
2015-04-17,-1.2109600203389066
2015-04-18,-0.7007400592463896
2015-04-19,-0.8320035554892746
2015-04-20,-1.335486363101117
2015-04-21,0.5574601340000569
2015-04-22,-0.20997059558695677
2015-04-23,-2.392573342193936
2015-04-24,-0.7311413018061133
2015-04-25,0.7442469341860054
2015-04-26,1.4052020929835392
2015-04-27,1.1732543720083075
2015-04-28,-0.988370415107922
2015-04-29,-1.5617548133987782
2015-04-30,-0.9869815870584207
2015-05-01,1.0423807861270393
2015-05-02,-0.19612515658273963
2015-05-03,-0.2566579343120823
2015-05-04,1.7869544497672973
2015-05-05,1.3256694555369983
2015-05-06,-1.7571082775729328
2015-05-07,-0.5243590213051096
2015-05-08,0.7356721816884003
2015-05-09,-1.425258650066003
2015-05-10,-0.49939288197367593
2015-05-11,-1.3222440983126114
2015-05-12,-2.3316291413008687
2015-05-13,-0.3961560646429743
2015-05-14,2.021545797868061
2015-05-15,1.781469966982633
2015-05-16,1.1123843773344149
2015-05-17,0.0670104986032848
2015-05-18,0.13366613173006564
2015-05-19,1.1534916193563125
2015-05-20,0.9050356279261026
2015-05-21,0.3060750368147581
2015-05-22,0.13152355457326087
2015-05-23,-0.16920466993981315
2015-05-24,-0.18294771864729242
2015-05-25,-0.07883510199298054
2015-05-26,-0.6652257419570028
2015-05-27,-0.352564541046053
2015-05-28,-0.24429904185205584
2015-05-29,-0.03133319136680867
2015-05-30,-1.1512791804533404
2015-05-31,-1.7085387792010238
2015-06-01,-0.023167736264850358
2015-06-02,-0.9178910121386037
2015-06-03,-0.037149640491490464
2015-06-04,-0.9967295422998352
2015-06-05,-0.746185739552283
2015-06-06,-0.7944232933801308
2015-06-07,-1.0657801911104756
2015-06-08,-0.5718651351071665
2015-06-09,-0.12850460208360032
2015-06-10,0.2168360149539941
2015-06-11,1.209394374759238
2015-06-12,0.660671158256613
2015-06-13,-0.486924004377891
2015-06-14,0.847598558568812
2015-06-15,0.006926206948495396
2015-06-16,-1.1703133011530218
2015-06-17,-0.2020209401980491
2015-06-18,-0.99291289027934
2015-06-19,-1.0242945931507268
2015-06-20,-1.5909194061623333
2015-06-21,-1.1121676260873534
2015-06-22,0.20453800222978413
2015-06-23,-1.2518306878414103
2015-06-24,-1.8470006638624406
2015-06-25,-1.2390902152980092
2015-06-26,0.07523189815738063
2015-06-27,-1.0722502635966147
2015-06-28,-1.516832412847271
2015-06-29,-0.4346396006339478
2015-06-30,1.5618806737520783
2015-07-01,0.8069312531728372
2015-07-02,1.1563905624417368
2015-07-03,1.8881597145811038
2015-07-04,-0.2861543363209023
2015-07-05,-0.3095355391723052
2015-07-06,0.7568377368461191
2015-07-07,1.4888813610208698
2015-07-08,0.13800563318113726
2015-07-09,1.511063706596748
2015-07-10,2.643174908189034
2015-07-11,-0.4423695451609305
2015-07-12,-0.6666336051466754
2015-07-13,-0.6177575364724872
2015-07-14,-0.7052549772767533
2015-07-15,-0.8856302332779487
2015-07-16,-0.3649927134413783
2015-07-17,-0.17246883933729087
2015-07-18,0.22848898073532306
2015-07-19,-0.48162358454880105
2015-07-20,0.26613459572513737
2015-07-21,0.41438816113599014
2015-07-22,0.5747753359896365
2015-07-23,0.7114616327309764
2015-07-24,0.7927594276216472
2015-07-25,0.4642154797388852
2015-07-26,0.8018409024119971
2015-07-27,0.6497782249503926
2015-07-28,-0.5211277762163523
2015-07-29,0.580133405853415
2015-07-30,0.8832237321933974
2015-07-31,1.3677157770426775
2015-08-01,-0.7822633812221952
2015-08-02,0.4491214062337531
2015-08-03,0.8705017588846673
2015-08-04,-0.2466007735336212
2015-08-05,0.3096946765160561
2015-08-06,-0.37308275797468277
2015-08-07,0.5813825876320783
2015-08-08,0.09558053974903555
2015-08-09,0.05301825623369943
2015-08-10,0.3761673691920104
2015-08-11,0.9126650018333488
2015-08-12,0.24792829955094534
2015-08-13,2.438331024033086
2015-08-14,1.5563185186448842
2015-08-15,-0.026358649067538296
2015-08-16,0.5605146034191727
2015-08-17,0.42413646922996767
2015-08-18,0.5683097872961734
2015-08-19,0.19179483891599222
2015-08-20,0.48198770977388805
2015-08-21,0.6993057120155795
2015-08-22,0.9401352295742241
2015-08-23,2.9152699274986413
2015-08-24,2.681688160198834
2015-08-25,-0.14941456167937786
2015-08-26,0.7430180491735727
2015-08-27,0.6237730302920782
2015-08-28,-0.662603990923218
2015-08-29,-0.26423420619149385
2015-08-30,-0.016695162426574945
2015-08-31,0.5107522383220744
2015-09-01,0.1971389656183898
2015-09-02,0.2331603577487396
2015-09-03,1.4795910621949762
2015-09-04,0.7260307109835135
2015-09-05,0.31219924601333854
2015-09-06,-0.03230857792881172
2015-09-07,-0.10285463183838008
2015-09-08,-0.605228605048521
2015-09-09,0.01614974273334075
2015-09-10,0.29517159468951276
2015-09-11,0.03876363697404239
2015-09-12,-0.1779039808299014
2015-09-13,2.102293271688629
2015-09-14,1.6029627032849203
2015-09-15,1.4556740007425115
2015-09-16,3.3702069099188536
2015-09-17,1.8497069705767297
2015-09-18,0.24751287930521654
2015-09-19,0.25656807076778254
2015-09-20,-0.133650088121892
2015-09-21,0.0066566814299197415
2015-09-22,1.0891666272301543
2015-09-23,0.5254561291970459
2015-09-24,0.13489252818557734
2015-09-25,-0.45630273529202714
2015-09-26,-0.7250153503398424
2015-09-27,-0.44508284194241066
2015-09-28,0.25102292083944716
2015-09-29,0.6547222912207586
2015-09-30,0.6396060556199582
2015-10-01,0.42693111967269676
2015-10-02,0.06113247376674512
2015-10-03,0.2312212798457986
2015-10-04,0.30468880549019695
2015-10-05,2.465857920580954
2015-10-06,2.752670581610469
2015-10-07,-0.11742808249962837
2015-10-08,-0.3539214932455114
2015-10-09,-0.41235257691902344
2015-10-10,0.6028100951132207
2015-10-11,0.4158138600061777
2015-10-12,0.30467628908579963
2015-10-13,0.2228970420511486
2015-10-14,0.025278301317853708
2015-10-15,0.18796606869418467
2015-10-16,0.0005662617976853796
2015-10-17,0.028306656879367453
2015-10-18,-0.34519030007803625
2015-10-19,0.3492835145634242
2015-10-20,0.05136489456179595
2015-10-21,-0.3941920724938736
2015-10-22,-0.18754023913926254
2015-10-23,-0.5180745430181898
2015-10-24,-1.4592391680104886
2015-10-25,-0.45551883588652736
2015-10-26,0.1947502043538421
2015-10-27,0.922577301722829
2015-10-28,1.7119925217228766
2015-10-29,0.4917053669636936
2015-10-30,0.12233772255753074
2015-10-31,0.4606953813451919
2015-11-01,2.239087275868111
2015-11-02,2.4315985986191895
2015-11-03,0.5094872913537823
2015-11-04,0.3765783211102265
2015-11-05,-0.5129961503090329
2015-11-06,-0.09075352462990628
2015-11-07,-0.12622485821215476
2015-11-08,0.3355065965785916
2015-11-09,-0.31626346127325256
2015-11-10,-0.08913162404449075
2015-11-11,-1.4170685854351908
2015-11-12,-1.1252901156902986
2015-11-13,-0.8653558802613563
2015-11-14,0.15481868711874425
2015-11-15,-0.4182891191173031
2015-11-16,-0.7317285395683303
2015-11-17,-0.20571107675463768
2015-11-18,-0.10198247913815428
2015-11-19,-0.4846771932553217
2015-11-20,0.5326594456633256
2015-11-21,2.6094917030154665
2015-11-22,0.8658563468942747
2015-11-23,0.4670329077291785
2015-11-24,-0.33700607203818655
2015-11-25,1.265448186613804
2015-11-26,1.661328790555815
2015-11-27,0.8044416115651049
2015-11-28,0.10546288659181882
2015-11-29,0.30345116627950414
2015-11-30,-0.29446754370409967
2015-12-01,-0.7005921882240703
2015-12-02,-0.8385564779021211
2015-12-03,-0.4200808517065619
2015-12-04,-0.9778182457492782
2015-12-05,-0.8509027722762336
2015-12-06,-0.6096468948158348
2015-12-07,-0.1836758986752968
2015-12-08,-0.839588179720677
2015-12-09,0.4442336440622209
2015-12-10,-0.4337872272012513
2015-12-11,-0.14780519933036293
2015-12-12,-0.4552359831125077
2015-12-13,-0.047984788152938405
2015-12-14,0.542707794549277
2015-12-15,0.00998924839396169
2015-12-16,-0.3127545563214046
2015-12-17,-0.5994470920675813
2015-12-18,-1.131658564212888
2015-12-19,-0.5566742970078133
2015-12-20,-0.9559502237852774
2015-12-21,-0.5914318832557979
2015-12-22,0.0034643539753928046
2015-12-23,-0.991594273543978
2015-12-24,-0.5005469706137836
2015-12-25,-0.3045959601430508
2015-12-26,0.33414908171686847
2015-12-27,0.41556238334320283
2015-12-28,0.33078680350568235
2015-12-29,-0.2522625742699147
2015-12-30,0.3703830464889319
2015-12-31,-0.05055433713607494
2016-01-01,0.4498986494587355
2016-01-02,0.6223251994003342
2016-01-03,1.6178518056625129
2016-01-04,2.1164729019830655
2016-01-05,1.1312010426115566
2016-01-06,1.788648652068529
2016-01-07,2.1390180550258373
2016-01-08,1.6702009596987297
2016-01-09,1.4165613491798816
2016-01-10,2.3554721737389714
2016-01-11,2.1655842477252882
2016-01-12,0.9705078055546568
2016-01-13,-0.06375748783078136
2016-01-14,-0.051693761697882555
2016-01-15,0.6060364707451823
2016-01-16,0.9542623013379945
2016-01-17,-0.3509514183162898
2016-01-18,0.474686895790991
2016-01-19,-0.6797999626573209
2016-01-20,-1.2164634528640184
2016-01-21,-1.1325899570292814
2016-01-22,-1.1559573856724619
2016-01-23,-1.3134611277972466
2016-01-24,-0.7751836978716375
2016-01-25,-1.131481872308212
2016-01-26,-1.2369930996338185
2016-01-27,-0.3446119547751517
2016-01-28,-0.7469224782216045
2016-01-29,-1.163045852573884
2016-01-30,-0.7566723630385418
2016-01-31,-0.5666392715859958
2016-02-01,-0.795389156293497
2016-02-02,-1.705676362617019
2016-02-03,0.25048936072163924
2016-02-04,0.04900034052798147
2016-02-05,-0.0015324090675935002
2016-02-06,0.22449497849803665
2016-02-07,1.4939857683399025
2016-02-08,1.3136548561915706
2016-02-09,2.336414202033314
2016-02-10,1.8135868769816763
2016-02-11,1.0255991049579478
2016-02-12,1.7534287617592867
2016-02-13,1.8393501338770633
2016-02-14,2.063222702026367
2016-02-15,1.525922257577835
2016-02-16,0.34046297809370124
2016-02-17,0.24478529160922682
2016-02-18,-0.07359674750271292
2016-02-19,-0.4691520067044378
2016-02-20,-0.18839234106331243
2016-02-21,-0.38090724714782626
2016-02-22,-1.0168141683420677
2016-02-23,-1.1319804260959627
2016-02-24,0.35038716761939864
2016-02-25,0.5316372192003856
2016-02-26,0.7156502743430122
2016-02-27,2.2099700939305107
2016-02-28,1.1924934296877403
2016-02-29,1.4605730890378614
2016-03-01,-1.025886735972231
2016-03-02,0.6265979502181735
2016-03-03,-0.22602025382831703
2016-03-04,0.9156928932239422
2016-03-05,1.363916055847216
2016-03-06,0.15000343818727188
2016-03-07,0.6297029562817199
2016-03-08,0.29613069267941405
2016-03-09,1.1286273060091392
2016-03-10,1.2508766780511908
2016-03-11,-0.35345888979149415
2016-03-12,-0.844791888507074
2016-03-13,-0.3211362080662767
2016-03-14,-0.5546336765673053
2016-03-15,-0.9427270652442314
2016-03-16,-0.2747802744998339
2016-03-17,-0.8079869447480025
2016-03-18,-0.9065214923178556
2016-03-19,-0.252978418641596
2016-03-20,-0.791785958895491
2016-03-21,-1.1040315837655221
2016-03-22,0.05571433097444271
2016-03-23,0.19666475068498968
2016-03-24,-0.804784379602239
2016-03-25,-0.8712087438663512
2016-03-26,0.4469433583630111
2016-03-27,0.8894953763669197
2016-03-28,1.0445812588117926
2016-03-29,0.2570899231492552
2016-03-30,-0.6377439066267142
2016-03-31,2.2492890845597655
2016-04-01,0.05486691845768469
2016-04-02,-0.5011398716508351
2016-04-03,0.23702538416839672
2016-04-04,0.2830340886061442
2016-04-05,1.0677340512991673
2016-04-06,-0.5582873248581284
2016-04-07,-0.11681294907570977
2016-04-08,1.0357469284200724
2016-04-09,0.19875455681776294
2016-04-10,1.3252213555503591
2016-04-11,1.2357551800625939
2016-04-12,0.8075813857552335
2016-04-13,1.538624632167586
2016-04-14,0.26443312125047835
2016-04-15,0.25620613029055317
2016-04-16,1.631012741063682
2016-04-17,0.71063486167429
2016-04-18,-0.18719210173641088
2016-04-19,0.45525258479744724
2016-04-20,1.5439767828621889
2016-04-21,-0.0681948490989064
2016-04-22,-1.610148599188098
2016-04-23,-0.459724785136842
2016-04-24,0.5441332006295646
2016-04-25,-0.0674103339568315
2016-04-26,-0.6351472210505535
2016-04-27,0.13103772079468112
2016-04-28,-0.14104451075431068
2016-04-29,-1.2830717296269263
2016-04-30,0.6845496216539853
2016-05-01,1.8126911335678606
2016-05-02,0.6714835201735534
2016-05-03,0.2682253115356674
2016-05-04,-0.5017933074943189
2016-05-05,-0.1816091737382883
2016-05-06,1.8546356470692076
2016-05-07,1.3790769543635528
2016-05-08,2.5800107648753285
2016-05-09,1.784529529484382
2016-05-10,0.7455505474514014
2016-05-11,1.1980312320315503
2016-05-12,1.9661343339993866
2016-05-13,0.9476320365336371
2016-05-14,0.4436643035460715
2016-05-15,-1.1011374062360175
2016-05-16,-1.2211768701611914
2016-05-17,-0.70584442893471
2016-05-18,1.0046772667710049
2016-05-19,0.056809042827621725
2016-05-20,-0.8952138008068953
2016-05-21,0.7865492301205517
2016-05-22,2.476026597982971
2016-05-23,0.5555729446343264
2016-05-24,0.7262014152165561
2016-05-25,0.1723796960741102
2016-05-26,0.3859795741924008
2016-05-27,0.15082369784363722
2016-05-28,1.7059695426765942
2016-05-29,3.064315264303299
2016-05-30,0.6082143046789174
2016-05-31,1.0757590788917126
2016-06-01,0.6895614296683902
2016-06-02,-1.4859852827762423
2016-06-03,1.4093346762580279
2016-06-04,-1.160849508904622
2016-06-05,-0.2629669470212027
2016-06-06,0.043080959883515436
2016-06-07,-0.983944775633203
2016-06-08,-2.422251280868906
2016-06-09,-2.2700983444483303
2016-06-10,-0.7158456764998254
2016-06-11,-1.0632510964781337
2016-06-12,-2.8418057299410897
2016-06-13,0.28102794986257695
2016-06-14,0.800117171937933
2016-06-15,1.934757234544458
2016-06-16,1.1426695091093417
2016-06-17,-0.37629099121996684
2016-06-18,-0.8099957706551982
2016-06-19,-0.958796819438577
2016-06-20,-1.9578647758326977
2016-06-21,-0.5937161118084618
2016-06-22,0.32498509955508903
2016-06-23,-0.11196908040523501
2016-06-24,0.903403180309989
2016-06-25,0.6196408333047632
2016-06-26,0.8670624161835288
2016-06-27,-0.3416701148057141
2016-06-28,0.7141689595729677
2016-06-29,0.846242682733656
2016-06-30,0.19182541772173528
2016-07-01,-0.5097510555983165
2016-07-02,-1.1388736331391354
2016-07-03,0.3905444329970667
2016-07-04,0.34810186435995677
2016-07-05,-0.07004110207235209
2016-07-06,0.4832359698588481
2016-07-07,0.6552632381967203
2016-07-08,-0.9107415996898299
2016-07-09,-0.8362243774386569
2016-07-10,0.5500935148013191
2016-07-11,0.6042119200000019
2016-07-12,0.8958701115120625
2016-07-13,1.085313191160596
2016-07-14,0.4054705278100599
2016-07-15,-0.3435413744364004
2016-07-16,-1.1811805415729875
2016-07-17,-0.9349400056505529
2016-07-18,0.03347425685662615
2016-07-19,-2.873952360117516
2016-07-20,-2.2804960755222394
2016-07-21,-0.27858395787989143
2016-07-22,1.3006136755790072
2016-07-23,0.5004564814742751
2016-07-24,0.13952738214071891
2016-07-25,-0.007047775607158664
2016-07-26,0.3586934062485765
2016-07-27,0.5979491611503165
2016-07-28,-0.3927980264001739
2016-07-29,0.22357039607346227
2016-07-30,1.0169188615781082
2016-07-31,0.19510865571744268
2016-08-01,0.18168011311033158
2016-08-02,-0.03917041155134487
2016-08-03,-0.33833202019213804
2016-08-04,-1.138271459951054
2016-08-05,-0.636038131594298
2016-08-06,-1.143674430198822
2016-08-07,-1.337962881271599
2016-08-08,-1.9356152889077252
2016-08-09,0.14110360651650028
2016-08-10,-0.18015129356718423
2016-08-11,-0.35797325979844413
2016-08-12,-0.9701934829552038
2016-08-13,-1.4630822938817167
2016-08-14,-1.9591088266761632
2016-08-15,-1.436938338294374
2016-08-16,-1.14732428655945
2016-08-17,-1.048293948067641
2016-08-18,-1.8447601838525873
2016-08-19,-1.4459839215635617
2016-08-20,-0.19837672181057575
2016-08-21,0.4660581240300355
2016-08-22,-0.4609948500216066
2016-08-23,-0.1769900178806719
2016-08-24,-0.21044180632777518
2016-08-25,0.11073016726547134
2016-08-26,-0.2762579372096923
2016-08-27,0.6042143782709147
2016-08-28,0.30279658415954985
2016-08-29,-0.08838704390354737
2016-08-30,0.8340033224603604
2016-08-31,-0.12144997294171953
2016-09-01,-0.435973565226317
2016-09-02,0.1637663267829832
2016-09-03,0.4777139098542598
2016-09-04,-0.016693198514045268
2016-09-05,-0.7361172200225452
2016-09-06,-0.30214553303532143
2016-09-07,1.1277641734283044
2016-09-08,-0.01056978961369683
2016-09-09,0.1700654302635969
2016-09-10,-0.12182751485929641
2016-09-11,0.2889936359860895
2016-09-12,0.5888954599182107
2016-09-13,1.6536781251151558
2016-09-14,1.6523288923906791
2016-09-15,1.3319340982238652
2016-09-16,0.32167144102416106
2016-09-17,0.7594319037553349
2016-09-18,0.12348836657834164
2016-09-19,-1.0003239059472577
2016-09-20,-0.8828430590606295
2016-09-21,-0.9653977868748685
2016-09-22,-1.154655107579091
2016-09-23,-1.5894672646954304
2016-09-24,-1.0498753837645325
2016-09-25,-1.9532116267437656
2016-09-26,-1.4120967134393225
2016-09-27,-0.43277041468797145
2016-09-28,0.3484210237691797
2016-09-29,-0.09154506755048776
2016-09-30,-1.0387608548584715
2016-10-01,-0.37296050169195244
2016-10-02,-0.7372882954437068
2016-10-03,-1.0966545619500494
2016-10-04,-1.116738689531119
2016-10-05,-0.9682205381626132
2016-10-06,-1.0890310585148417
2016-10-07,-1.144582886327078
2016-10-08,-0.6530466678539906
2016-10-09,0.17436770246117053
2016-10-10,-0.9562577915008452
2016-10-11,0.21815486572036186
2016-10-12,0.8253597200248354
2016-10-13,-0.14184489574586295
2016-10-14,0.4098192179901232
2016-10-15,0.2567849204274215
2016-10-16,-0.5823418813010893
2016-10-17,-1.4218948059391605
2016-10-18,-0.7419090861520594
2016-10-19,-0.7496563536537953
2016-10-20,-0.8641825442106
2016-10-21,-0.6349115361469453
2016-10-22,0.4257434515822881
2016-10-23,0.7324953051768311
2016-10-24,0.21474315435203567
2016-10-25,-0.22351168686775202
2016-10-26,-0.9055434509616666
2016-10-27,-0.3174692743989889
2016-10-28,-0.7319719117627336
2016-10-29,-1.0023153913475527
2016-10-30,-1.3929075102481085
2016-10-31,-1.5009690319389482
2016-11-01,-0.41087106821483
2016-11-02,-1.1184905882886629
2016-11-03,-0.8791887144733584
2016-11-04,-0.46105857006110795
2016-11-05,1.7128367152548587
2016-11-06,0.9890751884973273
2016-11-07,-0.02899470737235887
2016-11-08,0.9851125448941234
2016-11-09,2.1325952201898764
2016-11-10,0.15853154386453938
2016-11-11,-0.5995981306870147
2016-11-12,-1.2250250846479303
2016-11-13,-0.5398445120080279
2016-11-14,0.6178827513317147
2016-11-15,0.5612796132941426
2016-11-16,-0.022787668620441345
2016-11-17,-1.1525137431700516
2016-11-18,-0.4846771932553217
2016-11-19,0.10023792810424578
2016-11-20,1.748323518745485
2016-11-21,1.8160739510742145
2016-11-22,-0.7764934338274395
2016-11-23,0.5002072496733934
2016-11-24,0.5323480175761793
2016-11-25,-0.052676360845564894
2016-11-26,0.30431688282952163
2016-11-27,0.08664050470579937
2016-11-28,-0.6345915386331662
2016-11-29,-0.5448342403944387
2016-11-30,0.923975537629162
2016-12-01,-0.5496363309787317
2016-12-02,-1.15816473168611
2016-12-03,-0.6150993830025195
2016-12-04,0.7555353579113958
2016-12-05,0.9079731334470076
2016-12-06,-0.7535919545998758
2016-12-07,-0.6054188364893696
2016-12-08,0.9183714691234478
2016-12-09,0.2147077740703869
2016-12-10,-1.084696530418386
2016-12-11,-1.5578789810280331
2016-12-12,-1.6367457403611065
2016-12-13,-1.1867745746856713
2016-12-14,-0.42456186371469634
2016-12-15,-0.8472750482654308
2016-12-16,-0.29457635053790876
2016-12-17,1.308747484781414
2016-12-18,1.1199016707514913
2016-12-19,0.6227899901153275
2016-12-20,-0.47425480612918264
2016-12-21,-0.7843833662355985
2016-12-22,-0.978932459556808
2016-12-23,-1.2295906442599087
2016-12-24,-0.9656613520522394
2016-12-25,-0.5150247742014455
2016-12-26,-1.9737139416072436
2016-12-27,-1.407181757272433
2016-12-28,-0.5941108585262673
2016-12-29,-0.4446355423325844
2016-12-30,-0.7371717051465249
2016-12-31,-1.501805859766782
2017-01-01,-0.6955269104883539
2017-01-02,-0.4629456830031496
2017-01-03,-1.665763534304364
2017-01-04,-1.218575933845794
2017-01-05,-1.3937288776204284
2017-01-06,-1.4065288428232243
2017-01-07,-1.2964406944065405
2017-01-08,-1.4321494643650845
2017-01-09,-1.375849934854777
2017-01-10,0.04967774236316271
2017-01-11,0.8777393240600364
2017-01-12,-0.5198616878643167
2017-01-13,0.9702017307403443
2017-01-14,0.8332244377113653
2017-01-15,0.8890542449744181
2017-01-16,1.048616883937399
2017-01-17,0.9171715598304009
2017-01-18,0.018912675215036007
2017-01-19,0.7529526175057681
2017-01-20,0.37687076385737417
2017-01-21,0.27352705168216956
2017-01-22,-0.3452993899142152
2017-01-23,-0.9200764567248021
2017-01-24,-1.4144526506715518
2017-01-25,-1.1084363747294974
2017-01-26,-0.25175413520937406
2017-01-27,0.532968511422915
2017-01-28,-0.5294218088073547
2017-01-29,-1.1980645548613424
2017-01-30,-1.1503244163297215
2017-01-31,-1.149019001972848
2017-02-01,-0.795389156293497
2017-02-02,0.6549051196021384
2017-02-03,1.4222779119470508
2017-02-04,1.7024183174140861
2017-02-05,2.545193158768757
2017-02-06,0.5907720229483414
2017-02-07,0.28551324704956155
2017-02-08,1.201586876120181
2017-02-09,-0.44220550431831046
2017-02-10,-0.901112735293486
2017-02-11,-0.015005495889698189
2017-02-12,1.0485975125736409
2017-02-13,1.3218021940343487
2017-02-14,-0.9290902614702141
2017-02-15,-0.7544432265906849
2017-02-16,-1.1477978149935506
2017-02-17,-1.6370961343383463
2017-02-18,-1.5642382997067186
2017-02-19,-0.2904935023628386
2017-02-20,-0.7510796156339389
2017-02-21,-1.2361229987953284
2017-02-22,-1.5655590537463049
2017-02-23,-1.3066392008094574
2017-02-24,-1.4355043153700502
2017-02-25,-1.7784134403895486
2017-02-26,-1.6581174748378327
2017-02-27,0.5721181749654327
2017-02-28,1.1924934296877403
2017-03-01,-0.947176146841662
2017-03-02,-2.006770609682133
2017-03-03,0.5123763101511569
2017-03-04,1.4847723932245638
2017-03-05,0.40636111509025447
2017-03-06,0.983718361220679
2017-03-07,-0.07445039416277204
2017-03-08,-1.213548087633187
2017-03-09,-1.2157807064004729
2017-03-10,-1.675370051382305
2017-03-11,-0.8343136185300787
2017-03-12,0.7243702126208378
2017-03-13,1.6494040654698199
2017-03-14,0.7263107239711304
2017-03-15,-0.9318640780379536
2017-03-16,-0.4551631919725932
2017-03-17,-0.809335182042038
2017-03-18,-1.329825898886123
2017-03-19,-1.9043910377137518
2017-03-20,-0.9975944639126682
2017-03-21,-0.4092872078577254
2017-03-22,0.6062750622190201
2017-03-23,0.2853364950343387
2017-03-24,-1.0170287650866512
2017-03-25,0.23747182109658121
2017-03-26,0.34293401157638587
2017-03-27,0.5915987998765794
2017-03-28,-1.2675632818209535
2017-03-29,-1.3767563652817003
2017-03-30,-0.5977520956818466
2017-03-31,-0.09241740542544741
2017-04-01,0.45174453952058635
2017-04-02,-0.5394418740142749
2017-04-03,-1.0759196587317021
2017-04-04,-0.8574502447519183
2017-04-05,-0.38050306959807234
2017-04-06,-0.4177056669585401
2017-04-07,-0.512416946819759
2017-04-08,-0.34979073021218204
2017-04-09,-0.45499704786677064
2017-04-10,-0.4602684141204236
2017-04-11,-1.115868799397187
2017-04-12,-1.3937355953367658
2017-04-13,-1.11268848338727
2017-04-14,-1.3330428435837907
2017-04-15,-1.1241303775663893
2017-04-16,-1.3179607135807454
2017-04-17,-1.5928987672223256
2017-04-18,-0.5455382661074916
2017-04-19,0.05984884000296569
2017-04-20,1.2653640975700122
2017-04-21,0.8757596930158873
2017-04-22,0.4518887691798567
2017-04-23,-1.5925738408123724
2017-04-24,-0.5391572948116342
2017-04-25,-0.136821482688318
2017-04-26,-0.09168060724977777
2017-04-27,-0.2714436338242637
2017-04-28,0.13103772079468112
2017-04-29,0.18878985291771805
2017-04-30,2.100457626223205
2017-05-01,-0.9230793495993654
2017-05-02,-1.1175258380280222
2017-05-03,-1.6959664631537517
2017-05-04,-1.0694664060374979
2017-05-05,1.5341080332655688
2017-05-06,0.5908739855722949
2017-05-07,-1.1961302470918012
2017-05-08,-0.9217483127681381
2017-05-09,0.3113010115555783
2017-05-10,1.1056002248336723
2017-05-11,2.630052459256739
2017-05-12,1.9207548677133268
2017-05-13,0.9664478045922821
2017-05-14,-1.1114464443137977
2017-05-15,-1.0782957401468274
2017-05-16,-0.9347620824243199
2017-05-17,-1.2603111140195837
2017-05-18,0.9384407023884938
2017-05-19,0.23014851106641893
2017-05-20,-0.05223652967242255
2017-05-21,-0.5138653844525691
2017-05-22,-0.5314568901973742
2017-05-23,-1.241977080856567
2017-05-24,-0.8302817605772834
2017-05-25,-0.8342067551116996
2017-05-26,-0.28220495219420483
2017-05-27,-0.15809109129644022
2017-05-28,0.11759487836317474
2017-05-29,-0.2612772363524785
2017-05-30,-2.090300733583058
2017-05-31,-1.2254463156863296
2017-06-01,-0.7462856470037601
2017-06-02,0.22590745462765408
2017-06-03,-0.6536254681837426
2017-06-04,-0.2229083761913027
2017-06-05,-0.746185739552283
2017-06-06,0.8706503971825448
2017-06-07,-1.4635317798452092
2017-06-08,0.08204220517614577
2017-06-09,-0.4507816802017914
2017-06-10,-1.7547746881430428
2017-06-11,-1.1247187198177582
2017-06-12,-0.5686487336840853
2017-06-13,-0.25522919980643993
2017-06-14,-0.512738848711283
2017-06-15,-0.7851158498675953
2017-06-16,-1.6260156291459142
2017-06-17,-0.3944509495550863
2017-06-18,-0.18329138040401835
2017-06-19,0.5754891603845694
2017-06-20,-0.4720754882367701
2017-06-21,-0.2122015509183441
2017-06-22,0.2450499483345511
2017-06-23,-0.41624190980053527
2017-06-24,0.30426607636013053
2017-06-25,-0.13582863365391548
2017-06-26,0.8855319722630696
2017-06-27,1.3546990423391527
2017-06-28,5.299656835118362
2017-06-29,4.8077550452268625
2017-06-30,1.8285542133552553
2017-07-01,1.6115820616188181
2017-07-02,-0.3054714468603662
2017-07-03,-0.02271512848629267
2017-07-04,0.5299501786095985
2017-07-05,1.3253390763215847
2017-07-06,-0.09153445049881187
2017-07-07,0.20149070057024218
2017-07-08,1.2066331969921569
2017-07-09,0.3595332923084843
2017-07-10,-0.2016642941056189
2017-07-11,-1.35091088608051
2017-07-12,-1.1190070190976948
2017-07-13,-0.6405147494712704
2017-07-14,0.3103426898583918
2017-07-15,-0.32479159581256956
2017-07-16,-0.6058547235887453
2017-07-17,-0.298007123319958
2017-07-18,0.9406228323960241
2017-07-19,1.2367653132684204
2017-07-20,0.7221069276833748
2017-07-21,0.8905929000778867
2017-07-22,-0.9444716390143436
2017-07-23,-0.5841732904506408
2017-07-24,0.1748473013490018
2017-07-25,0.49923396148186355
2017-07-26,-1.2388385833321336
2017-07-27,-0.2315513703424221
2017-07-28,-0.4009758257051908
2017-07-29,-1.036417030250628
2017-07-30,-0.23089559589140599
2017-07-31,0.6594219387085875
2017-08-01,-0.7822633812221952
2017-08-02,-1.485945939505339
2017-08-03,-1.306627508451243
2017-08-04,-1.2214641014359806
2017-08-05,0.0429855362781995
2017-08-06,0.7163684740693461
2017-08-07,0.8763318271002785
2017-08-08,0.5071846011280522
2017-08-09,1.5949034144152952
2017-08-10,0.6009487156294452
2017-08-11,0.3652194855267078
2017-08-12,-0.6818165114451111
2017-08-13,-0.5391968639083425
2017-08-14,0.1686395106261042
2017-08-15,-0.37214777751573186
2017-08-16,-1.208716987298352
2017-08-17,-1.2681212259409702
2017-08-18,-0.36643090368400416
2017-08-19,0.08782551380781344
2017-08-20,-0.4054883288422641
2017-08-21,-0.5758869414566862
2017-08-22,-0.15507782809140894
2017-08-23,-0.7328620099956008
2017-08-24,-0.6979394297276694
2017-08-25,-0.7671000028261242
2017-08-26,-0.9077723282419023
2017-08-27,0.09247677502309956
2017-08-28,-0.4498802308101891
2017-08-29,-0.8674612738604089
2017-08-30,-0.23558806071158372
2017-08-31,-1.1709650137771317
2017-09-01,0.061652837751509655
2017-09-02,0.01755167089131863
2017-09-03,-0.299750672849759
2017-09-04,-0.34515271504459893
2017-09-05,-0.8208786446092088
2017-09-06,-0.835969911526755
2017-09-07,-0.6060628858946061
2017-09-08,-0.3465063914767844
2017-09-09,1.6707911789622574
2017-09-10,0.11884776291198731
2017-09-11,0.9743033703067224
2017-09-12,-0.31874354062928384
2017-09-13,-0.7433554396214651
2017-09-14,0.7692465945035235
2017-09-15,0.8372174684841738
2017-09-16,-0.2925168241744484
2017-09-17,-0.11598322311182324
2017-09-18,-0.025830255313443226
2017-09-19,-1.122687469314302
2017-09-20,-0.630041769140984
2017-09-21,-0.8828430590606295
2017-09-22,-0.7541708598918047
2017-09-23,-0.6767099205120454
2017-09-24,-0.6165421354510252
2017-09-25,0.6330166279663083
2017-09-26,-0.30442648721437887
2017-09-27,-0.8520584509079122
2017-09-28,-1.017659241281868
2017-09-29,-1.0527049763087957
2017-09-30,-0.9700457788621228
2017-10-01,-1.2488365395027416
2017-10-02,-0.9244885939576428
2017-10-03,-0.6023541975509202
2017-10-04,-0.6495344797779077
2017-10-05,-0.26240745214359157
2017-10-06,-0.7770930402263858
2017-10-07,0.04014183080727354
2017-10-08,-0.8155355569150814
2017-10-09,-0.8826654053713336
2017-10-10,-0.9030816673105513
2017-10-11,-0.5896478122172276
2017-10-12,-0.8496741868934222
2017-10-13,-0.7025199996681621
2017-10-14,-0.8923930435748422
2017-10-15,0.05344741545316635
2017-10-16,0.04673599940124714
2017-10-17,0.09644007854059843
2017-10-18,0.12262568145388099
2017-10-19,-0.20048626381377108
2017-10-20,-0.6043573716340735
2017-10-21,0.3836071237786204
2017-10-22,-0.18754023913926254
2017-10-23,-0.504466584862176
2017-10-24,-0.3293859674710268
2017-10-25,-1.1791367107695037
2017-10-26,-0.373637076763929
2017-10-27,0.011652162779696792
2017-10-28,-0.44557745636548174
2017-10-29,-0.4957596678442119
2017-10-30,-0.5469434346696702
2017-10-31,-0.21506397419531323
2017-11-01,-0.10931692970057501
2017-11-02,0.06749911833817307
2017-11-03,-0.6911641924245878
2017-11-04,-0.043418537496795466
2017-11-05,0.6444748774027215
2017-11-06,1.561727978793513
2017-11-07,0.1623261632200735
2017-11-08,-0.007412476681006551
2017-11-09,0.8316204132353419
2017-11-10,0.15243750724424054
2017-11-11,-0.5975480148948639
2017-11-12,0.03214447080046419
2017-11-13,1.2598744172605871
2017-11-14,-0.1476073080291481
2017-11-15,-0.8843229993989602
2017-11-16,-1.4195656206022094
2017-11-17,-1.5880802202274649
2017-11-18,-1.1365204858521787
2017-11-19,-1.0004871020119706
2017-11-20,-0.8024661581356137
2017-11-21,-1.0386929545394141
2017-11-22,-0.3932612966355846
2017-11-23,-0.01986105382160645
2017-11-24,-0.10902867073864411
2017-11-25,0.054125258790766864
2017-11-26,-0.21899593599752998
2017-11-27,-1.2090122169056865
2017-11-28,-0.1713558311759013
2017-11-29,-0.08764049165726899
2017-11-30,0.133807315149682
2017-12-01,1.0301529684880892
2017-12-02,1.3489091987510797
2017-12-03,0.10504447993960304
2017-12-04,-0.29834395805657543
2017-12-05,-0.5066497518827389
2017-12-06,-0.25490639614954097
2017-12-07,-0.922354365254989
2017-12-08,-0.5588068492662336
2017-12-09,-0.7982320621687369
2017-12-10,1.963672860628655
2017-12-11,2.3572578028284528
2017-12-12,-0.18802319176033663
2017-12-13,0.9832112540801177
2017-12-14,1.3446371265306414
2017-12-15,1.3530901156960977
2017-12-16,0.23513551560548404
2017-12-17,-0.18797373887998778
2017-12-18,0.018059879606541478
2017-12-19,0.049019249717519545
2017-12-20,-0.9056136005900424
2017-12-21,-1.0982204341948516
2017-12-22,-1.177978585884191
2017-12-23,-0.48824440530612073
2017-12-24,-0.5422879232488592
2017-12-25,-0.12104494583346538
2017-12-26,1.2151501501935207
2017-12-27,2.630180222089013
2017-12-28,1.3432300899921428
2017-12-29,0.5819231239857439
2017-12-30,0.8328773197050165
2017-12-31,0.9025664519003989
2018-01-01,1.5399321562937107
2018-01-02,0.8248350871440561
2018-01-03,0.6976963445801659
2018-01-04,1.0855809299717794
2018-01-05,1.3072667673716425
2018-01-06,0.13628095803658155
2018-01-07,-0.48705019097380914
2018-01-08,-0.9391266519428819
2018-01-09,0.1372676266759707
2018-01-10,0.8099317587938704
2018-01-11,0.9493108170298595
2018-01-12,-1.1308749013805275
2018-01-13,-0.6991531315385543
2018-01-14,-0.7522917356300931
2018-01-15,-0.21707256058645638
2018-01-16,0.4831726158708786
2018-01-17,0.4145533912970419
2018-01-18,-0.42418063054413985
2018-01-19,-1.6722257505340579
2018-01-20,-0.23969657892286855
2018-01-21,0.10543220184006515
2018-01-22,-0.6547337460298924
2018-01-23,-1.508987310837012
2018-01-24,-1.4406117280715875
2018-01-25,-0.6197546036564994
2018-01-26,0.734662364021776
2018-01-27,0.27133362881370315
2018-01-28,0.6087874318007119
2018-01-29,-0.5299138617404758
2018-01-30,-0.7468294176903294
2018-01-31,-0.678780603319519
2018-02-01,-0.3142436791744433
2018-02-02,0.20341870384484698
2018-02-03,0.12712524767654118
2018-02-04,-0.06897624253969636
2018-02-05,-0.7614424431535621
2018-02-06,-0.3955516646502576
2018-02-07,-0.3604507804306639
2018-02-08,-0.5681192099337453
2018-02-09,-1.0521037770301953
2018-02-10,-0.16908914866616043
2018-02-11,-0.06719677101577384
2018-02-12,-0.21157540961476415
2018-02-13,0.4577394270445445
2018-02-14,0.40416025210724615
2018-02-15,-1.1864315760323627
2018-02-16,-1.4587141539338007
2018-02-17,-0.7461216452948088
2018-02-18,-1.1268354967738847
2018-02-19,-0.746445913020235
2018-02-20,0.365620158299376
2018-02-21,0.5669998700157489
2018-02-22,-0.963388650064768
2018-02-23,-1.0107066157257762
2018-02-24,-1.373056880767598
2018-02-25,-1.4410928048016753
2018-02-26,-0.4632882633793978
2018-02-27,-0.04268357678324092
2018-02-28,0.6299346613529805
2018-03-01,1.7628941119046864
2018-03-02,1.5269968298410597
2018-03-03,1.5976627220607489
2018-03-04,0.300234813028072
2018-03-05,1.1201362298790154
2018-03-06,1.205942794192957
2018-03-07,0.23088936797880386
2018-03-08,-0.00043004047343316124
2018-03-09,0.7299131322377875
2018-03-10,1.1614710669812975
2018-03-11,2.26076101988786
2018-03-12,1.9846904917810912
2018-03-13,-0.18300514986007735
2018-03-14,1.1698027133592805
2018-03-15,1.8331978461176819
2018-03-16,0.7618613292100189
2018-03-17,1.1666179911708239
2018-03-18,0.5003760476309804
2018-03-19,1.252035527211616
2018-03-20,1.354171799041464
2018-03-21,0.7555120627703299
2018-03-22,-0.08052218252280881
2018-03-23,0.7762463793407893
2018-03-24,2.707085574216914
2018-03-25,0.6146002528279332
2018-03-26,0.21293126525521344
2018-03-27,-0.6537927135062507
2018-03-28,-0.0771553506005804
2018-03-29,0.7175930143375345
2018-03-30,2.220625298170581
2018-03-31,2.470050763577657
2018-04-01,-0.27111416388550336
2018-04-02,0.11885112616900521
2018-04-03,1.1114707637858583
2018-04-04,2.3421668776833244
2018-04-05,-0.5802570579151971
2018-04-06,0.3906784711514259
2018-04-07,0.4110529353917787
2018-04-08,0.8833418615846519
2018-04-09,1.5115715957339952
2018-04-10,1.478126520279836
2018-04-11,2.8217534665100663
2018-04-12,1.124120708137721
2018-04-13,0.20239740553643384
2018-04-14,-0.6927192127272058
2018-04-15,0.6124451274676483
2018-04-16,0.33527853078557707
2018-04-17,-0.8796951617850804
2018-04-18,-0.5202980106466114
2018-04-19,0.744137118798975
2018-04-20,0.8233033834577718
2018-04-21,-0.2781544431635144
2018-04-22,-0.6972348807395969
2018-04-23,-0.7627864714653823
2018-04-24,-0.5258042962991919
2018-04-25,-0.5883216621953281
2018-04-26,-0.3820560129087844
2018-04-27,0.4562093148412545
2018-04-28,0.43699840621315944
2018-04-29,2.2991043603712926
2018-04-30,0.6054499768859631
2018-05-01,-0.5762102781249369
2018-05-02,-0.5577271081849932
2018-05-03,-0.22943010614126896
2018-05-04,0.003964657389127321
2018-05-05,-1.2788144725684754
2018-05-06,-0.512832303737054
2018-05-07,-1.0393497949132464
2018-05-08,-1.181331771858249
2018-05-09,-0.29196471192032813
2018-05-10,-0.16976712254740217
2018-05-11,0.18703180347767218
2018-05-12,0.8796144934043774
2018-05-13,1.024621103069531
2018-05-14,0.41906995636663164
2018-05-15,0.4436643035460715
2018-05-16,-0.6018709625252942
2018-05-17,-0.48329359804752586
2018-05-18,-0.44832197062393436
2018-05-19,-0.42993703676141715
2018-05-20,-0.4625896150905831
2018-05-21,-0.7099369110217206
2018-05-22,-2.1034201934821657
2018-05-23,-1.0796584426521472
2018-05-24,0.5847868498737988
2018-05-25,0.9372882155028649
2018-05-26,-0.6652257419570028
2018-05-27,0.29109134631193406
2018-05-28,-1.3502825674356531
2018-05-29,-0.1894790104272782
2018-05-30,-0.8785534245683625
2018-05-31,-0.524601138736965
2018-06-01,-0.2601092185204092
2018-06-02,-0.4320394202492424
2018-06-03,0.5356363049889805
2018-06-04,1.219252610527567
2018-06-05,1.3953273927120282
2018-06-06,0.2420672394369804
2018-06-07,0.15432857487997736
2018-06-08,0.3031193535932414
2018-06-09,0.1773761437104053
2018-06-10,-0.2692490236487689
2018-06-11,1.5227712772073363
2018-06-12,1.98148144623983
2018-06-13,1.6242949597315937
2018-06-14,-0.7336371760588394
2018-06-15,-0.7851158498675953
2018-06-16,-0.5215719098670005
2018-06-17,-0.9617437533559167
2018-06-18,0.06535272438948266
2018-06-19,-0.6253516923942876
2018-06-20,-0.44978875868312973
2018-06-21,-0.5664590162333112
2018-06-22,0.18418861414806814
2018-06-23,-0.3938674814748932
2018-06-24,-0.3972246704541989
2018-06-25,0.22194342187424626
2018-06-26,0.6389833604368382
2018-06-27,0.6772158145812145
2018-06-28,-0.2969441527957488
2018-06-29,0.39963214810140474
2018-06-30,0.7703915728832232
2018-07-01,0.8258770153908703
2018-07-02,0.41468217420530007
2018-07-03,-0.374448102780024
2018-07-04,1.0240852024544491
2018-07-05,0.2051196773228453
2018-07-06,0.20328168092345636
2018-07-07,-0.84192166135728
2018-07-08,-0.6748935836604703
2018-07-09,0.6329604440435451
2018-07-10,0.7055681076733725
2018-07-11,0.7766128007833714
2018-07-12,0.9187368035861417
2018-07-13,0.19273052959313075
2018-07-14,0.34939810251976877
2018-07-15,1.2668755062709822
2018-07-16,1.4894107766140454
2018-07-17,-0.298007123319958
2018-07-18,0.41879265455552556
2018-07-19,0.39850747991801894
2018-07-20,0.48913026808050014
2018-07-21,0.4872671171101655
2018-07-22,-0.21785013132866426
2018-07-23,-0.05572547906117134
2018-07-24,0.8761358366250761
2018-07-25,-0.3427961369392653
2018-07-26,0.2147748360389053
2018-07-27,0.4630703444825441
2018-07-28,0.7625728458279145
2018-07-29,0.62967464240625
2018-07-30,-0.7249421977097986
2018-07-31,-0.8370159911372715
2018-08-01,-0.9704451619418704
2018-08-02,-0.027700211242682397
2018-08-03,-0.34799283426444827
2018-08-04,-0.33833202019213804
2018-08-05,-0.18390384932358247
2018-08-06,-0.1753028956930414
2018-08-07,0.9192038439066429
2018-08-08,0.831944287899725
2018-08-09,0.8874239688622795
2018-08-10,1.260984676272566
2018-08-11,0.06773405415468606
2018-08-12,0.7187373062441567
2018-08-13,1.1464250085518861
2018-08-14,-0.06791458906930019
2018-08-15,0.3554639029536287
2018-08-16,-0.16060644148505207
2018-08-17,0.05456642601357049
2018-08-18,-0.3331809014437713
2018-08-19,-0.48711210037316655
2018-08-20,-0.3232577317493944
2018-08-21,-0.16699282221920422
2018-08-22,-0.4099670439038556
2018-08-23,-0.6979442855389786
2018-08-24,-0.14639861441385263
2018-08-25,0.35112125535358274
2018-08-26,-0.2899183757902747
2018-08-27,-0.13982576364805507
2018-08-28,0.7391226257795626
2018-08-29,0.38165312713232874
2018-08-30,-0.26566534909884
2018-08-31,-0.31223753390212994
2018-09-01,-0.389364560754341
2018-09-02,0.259326943000023
2018-09-03,0.697550336206545
2018-09-04,0.2390813800839239
2018-09-05,0.2485646423406771
2018-09-06,0.12869715600270412
2018-09-07,-0.006934268092074021
2018-09-08,-0.5427456540861915
2018-09-09,-0.27422667685526636
2018-09-10,0.09297747682592743
2018-09-11,0.37683464576278153
2018-09-12,-0.435423171431784
2018-09-13,-0.3478771390039836
2018-09-14,-0.16620792971164025
2018-09-15,-0.3486256203839933
2018-09-16,-0.4649969778990804
2018-09-17,0.052874414265899644
2018-09-18,-0.5844531811185776
2018-09-19,-0.9004509114180667
2018-09-20,0.00873825932076284
2018-09-21,-0.24225489700490327
2018-09-22,-0.33977660229018414
2018-09-23,-0.5560982155690662
2018-09-24,0.1707994276055087
2018-09-25,0.43037495930615083
2018-09-26,1.3349584688873077
2018-09-27,0.3001838441889201
2018-09-28,-0.3631222504633973
2018-09-29,-0.42076943024867935
2018-09-30,0.0077438746036730954
2018-10-01,0.4054349751570357
2018-10-02,0.4223366171622636
2018-10-03,-0.22920948292222754
2018-10-04,-0.35199914181168335
2018-10-05,-0.1847815163903447
2018-10-06,0.5473081557484895
2018-10-07,0.9124642106831583
2018-10-08,0.15116625285433707
2018-10-09,0.5796338782197261
2018-10-10,0.4219289301268023
2018-10-11,0.7945072081846916
2018-10-12,0.12911498591209764
2018-10-13,0.36157049049637946
2018-10-14,2.136681253888136
2018-10-15,1.0589896110293553
2018-10-16,-0.5756509594593131
2018-10-17,0.09644007854059843
2018-10-18,0.49721503468721834
2018-10-19,0.9416376423064022
2018-10-20,0.6423890390260991
2018-10-21,0.12121825337908225
2018-10-22,0.2833443419999345
2018-10-23,-0.7600980453524537
2018-10-24,-0.43306087057218506
2018-10-25,-0.7787572851291624
2018-10-26,-0.6291683458505755
2018-10-27,0.5029501135071724
2018-10-28,0.648283845589669
2018-10-29,2.4093473073089444
2018-10-30,1.2629611194740757
2018-10-31,0.9746876524360739
2018-11-01,-0.5029217492116107
2018-11-02,-0.2741217614552603
2018-11-03,-0.7626107292044008
2018-11-04,-0.06563864529253179
2018-11-05,1.415341656414307
2018-11-06,1.6291843454884394
2018-11-07,1.2274509389213653
2018-11-08,0.6488181455412391
2018-11-09,1.2214013842114286
2018-11-10,1.568323788975227
2018-11-11,0.9577694943543708
2018-11-12,-0.34771422236088245
2018-11-13,-0.013906729938841527
2018-11-14,0.38163582295994514
2018-11-15,0.09001376088288088
2018-11-16,0.4145681672786177
2018-11-17,-0.08590948965233199
2018-11-18,1.1721730270666746
2018-11-19,1.2803186508494793
2018-11-20,1.0873509474680134
2018-11-21,0.8082158471280481
2018-11-22,-0.30124598797358093
2018-11-23,0.2756923296659615
2018-11-24,0.06190004037353121
2018-11-25,1.524728462653162
2018-11-26,1.5472340491278929
2018-11-27,0.028149027772845527
2018-11-28,0.26019851340955147
2018-11-29,0.30345116627950414
2018-11-30,0.6184224421846334
2018-12-01,0.07820043006311381
2018-12-02,0.02170161864995388
2018-12-03,0.44688533771615546
2018-12-04,-0.08430305174481662
2018-12-05,-0.3615852290725645
2018-12-06,-0.01804028791063451
2018-12-07,0.2479732145220237
2018-12-08,-0.029639358433129766
2018-12-09,0.5055492355521126
2018-12-10,-0.05131689278547932
2018-12-11,-0.348586252589074
2018-12-12,-0.04579250966828047
2018-12-13,1.807447552237089
2018-12-14,0.9145302882686845
2018-12-15,0.39652711540492297
2018-12-16,0.9454560393833114
2018-12-17,0.4840497020039995
2018-12-18,0.44965175822564124
2018-12-19,0.7553660587704534
2018-12-20,-0.09477341503420475
2018-12-21,0.7878217094769842
2018-12-22,0.08771273961134834
2018-12-23,-0.30850811919566684
2018-12-24,-0.3793525106525459
2018-12-25,-0.9043038133478563
2018-12-26,-0.7753718607405171
2018-12-27,-0.9169161430485989
2018-12-28,-0.3421822798584818
2018-12-29,0.46718907826241285
2018-12-30,0.5158794625351109
2018-12-31,0.1299040212891385
