date,0
2014-12-31,-0.3610432788787489
2015-01-01,-0.24131994014643315
2015-01-02,-0.6682892632014317
2015-01-03,-0.40041560153464795
2015-01-04,-0.9289886832801879
2015-01-05,-0.7072648902303492
2015-01-06,-0.9466968028692656
2015-01-07,-0.15483262672401343
2015-01-08,-0.06765846695228217
2015-01-09,-0.2741613954206765
2015-01-10,0.4605676852708074
2015-01-11,-0.008522582842145715
2015-01-12,-0.6304044630285288
2015-01-13,0.7871311866736648
2015-01-14,-0.5602052244848883
2015-01-15,1.3908255005599086
2015-01-16,0.1858723034614852
2015-01-17,-0.7998256195076744
2015-01-18,0.8323128227985747
2015-01-19,0.43182631625813916
2015-01-20,-1.4200463422960516
2015-01-21,1.4997536335499118
2015-01-22,0.2688979420632769
2015-01-23,-0.8717714312923424
2015-01-24,0.5193523942924666
2015-01-25,0.21656747003171684
2015-01-26,-1.8032107241073938
2015-01-27,0.4314844805922369
2015-01-28,-1.0378388062810653
2015-01-29,2.229044227734649
2015-01-30,2.1059363608984154
2015-01-31,0.6228581105616933
2015-02-01,0.10349535994118919
2015-02-02,0.38741459073992635
2015-02-03,0.41663616383232926
2015-02-04,0.7406570431166618
2015-02-05,0.35203126083314695
2015-02-06,-0.732900269687344
2015-02-07,-1.5515344538898357
2015-02-08,0.6839653740060425
2015-02-09,0.34360345409079346
2015-02-10,-0.0049567557649595195
2015-02-11,-0.7016666373023299
2015-02-12,-1.5708817138402007
2015-02-13,1.4797723819763253
2015-02-14,1.0677596268983631
2015-02-15,0.3493158095798108
2015-02-16,-0.43376478176073774
2015-02-17,1.8294449747797135
2015-02-18,-0.3966175021654713
2015-02-19,-0.5736824623818406
2015-02-20,-0.6865497107175249
2015-02-21,1.3588596822628833
2015-02-22,0.14402484454197495
2015-02-23,0.7696733600571252
2015-02-24,1.0342948745177964
2015-02-25,-0.07596229166965007
2015-02-26,-0.2925188983687244
2015-02-27,0.01450453993574366
2015-02-28,-1.899002803935797
2015-03-01,-0.11367839053238371
2015-03-02,-1.293541067515101
2015-03-03,-0.543862934073484
2015-03-04,1.3151488220791825
2015-03-05,0.4966266744758442
2015-03-06,-0.4604290269387296
2015-03-07,-0.9735411025391402
2015-03-08,-1.1882026450409557
2015-03-09,-0.6146875637492842
2015-03-10,-1.0795960382726602
2015-03-11,-0.7447034031638089
2015-03-12,0.07391791598330921
2015-03-13,0.0106645250664813
2015-03-14,0.2769895235300708
2015-03-15,-1.1820957097552953
2015-03-16,-0.9008956096416644
2015-03-17,1.132403365087833
2015-03-18,0.6883306702850516
2015-03-19,0.9748708387252119
2015-03-20,1.0834733554196143
2015-03-21,-0.14412241463148723
2015-03-22,-0.0708376854976005
2015-03-23,-0.3207179939278443
2015-03-24,0.9270477751872434
2015-03-25,0.8331507083263325
2015-03-26,-0.6047719896618432
2015-03-27,-0.6434785104885973
2015-03-28,-1.4548992176939302
2015-03-29,-0.21555686543066277
2015-03-30,0.06162846758674373
2015-03-31,-1.3083468594785437
2015-04-01,0.12944318096645058
2015-04-02,-1.6161641699588696
2015-04-03,-0.33193897265840455
2015-04-04,-0.17281280005973432
2015-04-05,-0.342544995135866
2015-04-06,0.8669350516769478
2015-04-07,0.8323965953787926
2015-04-08,0.579849826087721
2015-04-09,-1.1954348129289427
2015-04-10,-1.0499467091712735
2015-04-11,-0.24191807125303832
2015-04-12,0.2131994544626524
2015-04-13,-0.4237016390709665
2015-04-14,1.1976483652916996
2015-04-15,-0.38419606613239654
2015-04-16,-0.4689657889594792
2015-04-17,-0.8861827046429742
2015-04-18,-0.05201980955488861
2015-04-19,-0.5158569008329024
2015-04-20,-0.7827387709556823
2015-04-21,1.381090109665449
2015-04-22,-0.6550308047115886
2015-04-23,-2.0303953998072304
2015-04-24,0.7354677711582127
2015-04-25,0.8616830139269998
2015-04-26,1.0589492947355406
2015-04-27,0.5374855648061632
2015-04-28,-1.5708423984640296
2015-04-29,-0.9230993662937407
2015-04-30,-0.2981127114582457
2015-05-01,1.4938099035744603
2015-05-02,-0.819849561383277
2015-05-03,0.15715649973939383
2015-05-04,1.8544455785078535
2015-05-05,0.1488453035792605
2015-05-06,-2.304434404402366
2015-05-07,0.6162361182339479
2015-05-08,0.6342032929578116
2015-05-09,-1.8427787460981402
2015-05-10,0.607617607552333
2015-05-11,-1.2651789454130942
2015-05-12,-1.4616899798477299
2015-05-13,0.9722069713363539
2015-05-14,2.072562515139041
2015-05-15,0.7078767514431203
2015-05-16,0.391009536533071
2015-05-17,-0.5514885243071502
2015-05-18,0.024272520868551084
2015-05-19,0.9206703238392044
2015-05-20,0.15701152641849825
2015-05-21,-0.11201161698155238
2015-05-22,-0.04162749549638606
2015-05-23,-0.32748809203449947
2015-05-24,-0.11382169933472006
2015-05-25,-0.009692137843532983
2015-05-26,-0.6303830294120043
2015-05-27,0.07727254800229472
2015-05-28,-0.10523277988095808
2015-05-29,0.13571521052185506
2015-05-30,-1.1135006195769028
2015-05-31,-0.9543131267577515
2015-06-01,0.8973879101012233
2015-06-02,-1.042266048532239
2015-06-03,0.7316114161736298
2015-06-04,-1.0505968800627343
2015-06-05,-0.03800675115721508
2015-06-06,-0.4362982825655665
2015-06-07,-0.5796107950191315
2015-06-08,0.08485909980413042
2015-06-09,0.17463871912769433
2015-06-10,0.3386021660280601
2015-06-11,1.140300496077323
2015-06-12,-0.040179598640138314
2015-06-13,-0.7446519833378898
2015-06-14,1.1309335163216478
2015-06-15,-0.6959453532229791
2015-06-16,-1.0277944896742097
2015-06-17,0.47278744071166434
2015-06-18,-1.0614864366632795
2015-06-19,-0.31987266664175107
2015-06-20,-1.0339637190941788
2015-06-21,-0.1596563624692371
2015-06-22,0.8011807595455264
2015-06-23,-1.362051955889271
2015-06-24,-0.8766063581874657
2015-06-25,-0.24072653760460616
2015-06-26,0.6987668662092396
2015-06-27,-1.0885634518449405
2015-06-28,-0.6585121824921383
2015-06-29,0.3975785190949974
2015-06-30,1.7137264925246196
2015-07-01,-0.06587689187302292
2015-07-02,0.9608131958107321
2015-07-03,1.1450731148257343
2015-07-04,-1.4318269241247246
2015-07-05,0.011048912533278943
2015-07-06,0.6998005926119345
2015-07-07,0.9353720028455721
2015-07-08,-0.6530788817581457
2015-07-09,1.5785095195628411
2015-07-10,1.5499312473725766
2015-07-11,-1.948241387106795
2015-07-12,-0.15077798868740855
2015-07-13,-0.553318566857415
2015-07-14,-0.4534173004498948
2015-07-15,-0.45508016635483406
2015-07-16,0.16898507911034033
2015-07-17,0.014119327114123698
2015-07-18,0.38835106376177697
2015-07-19,-0.5891479092713806
2015-07-20,0.6297752778994191
2015-07-21,0.16145292652930726
2015-07-22,0.3896579732677412
2015-07-23,0.3995187120708378
2015-07-24,0.3809235641528285
2015-07-25,0.0014418738172272683
2015-07-26,0.5401115596480339
2015-07-27,0.11620259156347357
2015-07-28,-0.8823056824501494
2015-07-29,0.9134973105548654
2015-07-30,0.3575510033736157
2015-07-31,0.9231711645367784
2015-08-01,-1.553869324613052
2015-08-02,1.0394357167165218
2015-08-03,0.32067176410498655
2015-08-04,-0.7001442885952587
2015-08-05,0.5733367936464081
2015-08-06,-0.6982820570847899
2015-08-07,0.8568836102664348
2015-08-08,-0.345482790070192
2015-08-09,0.10163456647227367
2015-08-10,0.31431480194643346
2015-08-11,0.6564730711211872
2015-08-12,-0.2805494199527351
2015-08-13,2.377382628447264
2015-08-14,-0.0399748679361569
2015-08-15,-0.7061156636384557
2015-08-16,0.5682300514380169
2015-08-17,-0.15252060352048236
2015-08-18,0.3361591212937409
2015-08-19,-0.15605760323332185
2015-08-20,0.3865128597608243
2015-08-21,0.35759477171909815
2015-08-22,0.5337970212724692
2015-08-23,2.373412091341897
2015-08-24,0.9013275379326469
2015-08-25,-1.5266815689214182
2015-08-26,0.9249862570258547
2015-08-27,-0.20460085135356498
2015-08-28,-1.0177096143220627
2015-08-29,0.17898677614601327
2015-08-30,-0.02668714244187609
2015-08-31,0.5251272358948889
2015-09-01,-0.08195576290913978
2015-09-02,0.19243203103955236
2015-09-03,1.314399443445837
2015-09-04,-0.20641726690450468
2015-09-05,0.040670262999009665
2015-09-06,-0.26842898877481924
2015-09-07,-0.1506063444993016
2015-09-08,-0.5965469256801939
2015-09-09,0.37583779082465574
2015-09-10,0.20819241084997026
2015-09-11,-0.08560203269206018
2015-09-12,-0.14243637937537007
2015-09-13,2.1921161911026865
2015-09-14,0.24031924134624494
2015-09-15,0.7646019913254313
2015-09-16,2.4954626120611887
2015-09-17,-0.27679118543120884
2015-09-18,-0.6158332761170865
2015-09-19,0.010336135784852457
2015-09-20,-0.5354262584577063
2015-09-21,0.047528514798432064
2015-09-22,1.034249530334451
2015-09-23,-0.15523195910914311
2015-09-24,-0.03539279412644178
2015-09-25,-0.5665008504757814
2015-09-26,-0.5005901814293475
2015-09-27,-0.08304442027634878
2015-09-28,0.46482154809661613
2015-09-29,0.5136737393000439
2015-09-30,0.32713853899196865
2015-10-01,0.10909616790306942
2015-10-02,-0.18390793120083318
2015-10-03,0.17477465281279514
2015-10-04,0.10848137139530004
2015-10-05,2.2883880432522288
2015-10-06,1.220102364621328
2015-10-07,-1.530889421143543
2015-10-08,-0.1205225095643726
2015-10-09,-0.5377775567168924
2015-10-10,0.7369028872061274
2015-10-11,0.013021074222095808
2015-10-12,0.17890755366303163
2015-10-13,0.047970536721104434
2015-10-14,-0.1283715215964657
2015-10-15,0.16308936315709466
2015-10-16,-0.14428038884773056
2015-10-17,0.04581328213153954
2015-10-18,-0.38112713349692734
2015-10-19,0.5649139185437052
2015-10-20,-0.22109492531383249
2015-10-21,-0.3450635767345757
2015-10-22,0.04654593173836569
2015-10-23,-0.47242323913353046
2015-10-24,-1.1250653779892876
2015-10-25,0.41849033207715813
2015-10-26,0.32490435863491396
2015-10-27,0.8853675947560096
2015-10-28,1.2464428787207302
2015-10-29,-0.4574338113430113
2015-10-30,-0.03181501922640814
2015-10-31,0.26743627499942824
2015-11-01,1.8678810358101807
2015-11-02,1.061098683019067
2015-11-03,-0.7455198933873589
2015-11-04,0.18491152765275193
2015-11-05,-0.971328772873382
2015-11-06,0.16406392318913327
2015-11-07,-0.19376632434597973
2015-11-08,0.4377276692974474
2015-11-09,-0.5214835357269441
2015-11-10,0.1729975314001695
2015-11-11,-1.4337071932506777
2015-11-12,-0.22668150797600894
2015-11-13,-0.34295191869202113
2015-11-14,0.6714969749287996
2015-11-15,-0.4924982187645461
2015-11-16,-0.3308571023905918
2015-11-17,0.20736968796868152
2015-11-18,-0.04406944547282793
2015-11-19,-0.36938776470478074
2015-11-20,0.8649995543486257
2015-11-21,2.2198636831536724
2015-11-22,-0.6529422674976689
2015-11-23,0.2639044920544343
2015-11-24,-0.7643926814076825
2015-11-25,1.383944817651339
2015-11-26,0.745482175164334
2015-11-27,-0.04271225728788419
2015-11-28,-0.26823049160553214
2015-11-29,0.1599959117525636
2015-11-30,-0.5964450702993014
2015-12-01,-0.5060580492000214
2015-12-02,-0.47111906141114834
2015-12-03,0.024871793569169298
2015-12-04,-0.7602050785384318
2015-12-05,-0.1962087567379598
2015-12-06,-0.14983976402593124
2015-12-07,0.18112962409230224
2015-12-08,-0.7027242536419037
2015-12-09,1.0294413148309458
2015-12-10,-0.798826165518885
2015-12-11,0.27297482615825586
2015-12-12,-0.4397976627259654
2015-12-13,0.2438117625655427
2015-12-14,0.5343946408192202
2015-12-15,-0.29204465370600785
2015-12-16,-0.22216127008254158
2015-12-17,-0.4497631383947768
2015-12-18,-0.8169719644381057
2015-12-19,0.09829916179178144
2015-12-20,-0.7033888432133383
2015-12-21,0.053776003262500205
2015-12-22,0.32473354098016705
2015-12-23,-0.9733272013070489
2015-12-24,0.20898648741389825
2015-12-25,-0.11435052220179837
2015-12-26,0.5454882371885409
2015-12-27,0.2382581198483117
2015-12-28,0.160983865380329
2015-12-29,-0.4221419936785432
2015-12-30,0.5281638299407607
2015-12-31,-0.36378415741791087
2016-01-01,0.5482763090624645
2016-01-02,0.3051793036652504
2016-01-03,1.2839557610465635
2016-01-04,1.1471118955888142
2016-01-05,-0.040086371700867485
2016-01-06,1.2123993185740949
2016-01-07,0.9294048205805852
2016-01-08,0.41050781427540595
2016-01-09,0.47244226647721765
2016-01-10,1.4506211050448
2016-01-11,0.6652513904450688
2016-01-12,-0.23669644156634218
2016-01-13,-0.6246510737029408
2016-01-14,-0.14512051379641244
2016-01-15,0.47231534450501644
2016-01-16,0.540841539508955
2016-01-17,-0.8578201661931517
2016-01-18,0.7789382461296359
2016-01-19,-1.1366105545765983
2016-01-20,-0.7168937024180819
2016-01-21,-0.4974976586209474
2016-01-22,-0.5698714861839521
2016-01-23,-0.615026676181067
2016-01-24,0.02798271812226194
2016-01-25,-0.6905402028093349
2016-01-26,-0.4786411231161124
2016-01-27,0.38383843371914084
2016-01-28,-0.579521732231347
2016-01-29,-0.5926349361422787
2016-01-30,-0.06155017113174044
2016-01-31,-0.1779859426331491
2016-02-01,-0.4167807615427397
2016-02-02,-1.1802673501041343
2016-02-03,1.2860646485889624
2016-02-04,-0.26367120923343346
2016-02-05,0.1863655733573774
2016-02-06,0.26228559549320835
2016-02-07,1.3400441611190232
2016-02-08,0.4036178943893235
2016-02-09,1.703791228017489
2016-02-10,0.3861555061342834
2016-02-11,0.052363778016268125
2016-02-12,1.1120003046186537
2016-02-13,0.6424221382244113
2016-02-14,1.0063860571664718
2016-02-15,0.29753923518655023
2016-02-16,-0.5477225091313763
2016-02-17,0.002386455985952829
2016-02-18,-0.3839882603041627
2016-02-19,-0.4663629056215522
2016-02-20,0.06327044792674405
2016-02-21,-0.3307217555020629
2016-02-22,-0.7583445591317681
2016-02-23,-0.5144532013622664
2016-02-24,0.9578068619641622
2016-02-25,0.2535595242244076
2016-02-26,0.5677086862822971
2016-02-27,1.8385970919041104
2016-02-28,-0.15638655148483993
2016-02-29,0.9455569603564209
2016-03-01,-2.000653833628509
2016-03-02,1.3045396965204672
2016-03-03,-0.9409936283086956
2016-03-04,1.1981251938207218
2016-03-05,0.7283421766959406
2016-03-06,-0.5755101173461028
2016-03-07,0.6542585079870106
2016-03-08,-0.23357910073892202
2016-03-09,0.9767335764834613
2016-03-10,0.5197323412303582
2016-03-11,-1.025485936465013
2016-03-12,-0.5553440444787994
2016-03-13,0.0091367614189512
2016-03-14,-0.4803561506302942
2016-03-15,-0.5505151295876174
2016-03-16,0.29496301162834415
2016-03-17,-0.7096155433740506
2016-03-18,-0.3327223649909845
2016-03-19,0.2561490917009651
2016-03-20,-0.6799041711480545
2016-03-21,-0.5327790938254455
2016-03-22,0.688447385889487
2016-03-23,0.08342606644435838
2016-03-24,-0.7938225369626943
2016-03-25,-0.3067895482061095
2016-03-26,0.8596453547715954
2016-03-27,0.5506655173556996
2016-03-28,0.6544334405915877
2016-03-29,-0.28687156690834786
2016-03-30,-0.7451849698680204
2016-03-31,2.5637682287769574
2016-04-01,-1.5101996283903714
2016-04-02,-0.16006642765546064
2016-04-03,0.37214348864533064
2016-04-04,-0.013481980000695226
2016-04-05,0.9683519369229333
2016-04-06,-1.196394667215057
2016-04-07,0.35535579737580625
2016-04-08,0.9211205226424375
2016-04-09,-0.4519643198574771
2016-04-10,1.3776284214258399
2016-04-11,0.3374135416397136
2016-04-12,0.1698588553891648
2016-04-13,1.0793790904724445
2016-04-14,-0.7437600176797838
2016-04-15,0.1985268271266298
2016-04-16,1.3402578136887329
2016-04-17,-0.3520050351428722
2016-04-18,-0.4313963635068556
2016-04-19,0.5167384674997145
2016-04-20,1.113777860280464
2016-04-21,-0.9797714205446979
2016-04-22,-1.3807425144980763
2016-04-23,0.3875689414731318
2016-04-24,0.5597571531203672
2016-04-25,-0.3252934819973184
2016-04-26,-0.4216212931053906
2016-04-27,0.48527536062403487
2016-04-28,-0.32588365983076206
2016-04-29,-1.1144198623257249
2016-04-30,1.4799791695617897
2016-05-01,1.2053458748105625
2016-05-02,-0.24836287111342936
2016-05-03,0.08327527849223748
2016-05-04,-0.7629393731927406
2016-05-05,0.05472956696717099
2016-05-06,1.8509437700449967
2016-05-07,0.22278309560848863
2016-05-08,2.0113496035930902
2016-05-09,0.19231237314134542
2016-05-10,-0.19148412153652228
2016-05-11,0.7042253133185961
2016-05-12,1.0737660762563184
2016-05-13,-0.24237585579922716
2016-05-14,-0.0036037283032328005
2016-05-15,-1.4630905690898035
2016-05-16,-0.6123315178178992
2016-05-17,-0.1660190911778281
2016-05-18,1.3612532614094532
2016-05-19,-0.5306323156834044
2016-05-20,-0.682763986542281
2016-05-21,1.287524073172452
2016-05-22,1.8149606527509787
2016-05-23,-0.8094391366355295
2016-05-24,0.6884961465769628
2016-05-25,-0.458552200862431
2016-05-26,0.25388673509487236
2016-05-27,-0.15191304334729416
2016-05-28,1.6281592147381114
2016-05-29,1.9704111073945305
2016-05-30,-1.1017573648810304
2016-05-31,0.9721840844968189
2016-06-01,-0.23696842834296705
2016-06-02,-1.9165429479295406
2016-06-03,2.3263646105644655
2016-06-04,-2.3602432434453338
2016-06-05,0.7877887302531216
2016-06-06,-0.043146898594276895
2016-06-07,-0.9852925324340956
2016-06-08,-1.7358715638766375
2016-06-09,-0.8821445179976672
2016-06-10,0.4543160069832747
2016-06-11,-0.685094783153139
2016-06-12,-1.9899868509507446
2016-06-13,2.0543864724191603
2016-06-14,0.3337022201140475
2016-06-15,1.7674468915509451
2016-06-16,0.10162813326268583
2016-06-17,-0.8996771428465908
2016-06-18,-0.6120639692011953
2016-06-19,-0.6687412598642344
2016-06-20,-1.4714350969699737
2016-06-21,0.5878562273602431
2016-06-22,0.5303670148667183
2016-06-23,-0.19130601292134902
2016-06-24,1.13657388656721
2016-06-25,0.022776199058605395
2016-06-26,0.6073922311787063
2016-06-27,-0.8785845119055249
2016-06-28,0.9690837415597285
2016-06-29,0.24757467378818832
2016-06-30,-0.23344493768181054
2016-07-01,-0.5639886810603472
2016-07-02,-0.8906272891108871
2016-07-03,0.990327802445969
2016-07-04,-0.020992717085353108
2016-07-05,-0.11168236921562562
2016-07-06,0.5767769881198178
2016-07-07,0.29641555305018513
2016-07-08,-1.2580786982806231
2016-07-09,-0.21057002400912972
2016-07-10,0.8697372885012593
2016-07-11,0.20103135823014806
2016-07-12,0.7003546565351035
2016-07-13,0.5832216883480894
2016-07-14,-0.22190921804333874
2016-07-15,-0.5440410477513404
2016-07-16,-1.034575966567074
2016-07-17,-0.3117267086316642
2016-07-18,0.47116758002045567
2016-07-19,-2.9099176524500745
2016-07-20,-0.3421505408466474
2016-07-21,0.7691053515300375
2016-07-22,1.4120815085282357
2016-07-23,-0.05862745027457583
2016-07-24,0.10855283335460683
2016-07-25,-0.13449609299635307
2016-07-26,0.29655562756766113
2016-07-27,0.34253969358240943
2016-07-28,-0.7213624710631295
2016-07-29,0.524281158355914
2016-07-30,0.7529153956076625
2016-07-31,-0.39537376273760716
2016-08-01,0.19701385264818946
2016-08-02,-0.22655193671337545
2016-08-03,-0.33707502240236714
2016-08-04,-0.9536887447389194
2016-08-05,0.030118274589415406
2016-08-06,-0.8747455971583781
2016-08-07,-0.5934539537963699
2016-08-08,-1.1636456891363816
2016-08-09,1.292906749089723
2016-08-10,-0.3889521171421522
2016-08-11,-0.003385781684367317
2016-08-12,-0.7236833391536867
2016-08-13,-0.891318350315347
2016-08-14,-1.1387822872024722
2016-08-15,-0.3130853151302111
2016-08-16,-0.35931740477912066
2016-08-17,-0.3061383017812205
2016-08-18,-1.1561425086182693
2016-08-19,-0.2844120143662956
2016-08-20,0.5789215317581087
2016-08-21,0.5857094194609292
2016-08-22,-0.5920392099679069
2016-08-23,0.24389212185864398
2016-08-24,-0.20247128227192202
2016-08-25,0.24596286497424344
2016-08-26,-0.3456747143679647
2016-08-27,0.819184275362003
2016-08-28,-0.12137721932102713
2016-08-29,-0.16978891251570735
2016-08-30,0.8860020874974527
2016-08-31,-0.706328890476559
2016-09-01,-0.24034442362856206
2016-09-02,0.34638207978243196
2016-09-03,0.29700479583480116
2016-09-04,-0.24983441985320948
2016-09-05,-0.6582991350710514
2016-09-06,0.10980615748409733
2016-09-07,1.1985805207703866
2016-09-08,-0.6958648190902816
2016-09-09,0.3902823674973699
2016-09-10,-0.3255157239902792
2016-09-11,0.3562426430831751
2016-09-12,0.3738627554956694
2016-09-13,1.3304385084335528
2016-09-14,0.6726878755913555
2016-09-15,0.46626760227527797
2016-09-16,-0.4502723788268027
2016-09-17,0.5446858570869645
2016-09-18,-0.483071023145869
2016-09-19,-1.0396537324231918
2016-09-20,-0.3152273247902644
2016-09-21,-0.5886525694789471
2016-09-22,-0.5851629741821418
2016-09-23,-0.8886678279759787
2016-09-24,-0.09850305837203088
2016-09-25,-1.3843809100349111
2016-09-26,-0.15026497452096432
2016-09-27,0.321404661945737
2016-09-28,0.6306957373629509
2016-09-29,-0.1820839903795229
2016-09-30,-0.8469169190246464
2016-10-01,0.24931230013066497
2016-10-02,-0.6545926795301991
2016-10-03,-0.587038601948086
2016-10-04,-0.4655744762037397
2016-10-05,-0.34319576905642035
2016-10-06,-0.5158720101532744
2016-10-07,-0.46088035764833
2016-10-08,0.035087210844427896
2016-10-09,0.5514456947870809
2016-10-10,-1.020541679344805
2016-10-11,0.9416513652548775
2016-10-12,0.5540873612824405
2016-10-13,-0.5471277018885374
2016-10-14,0.6277486230502283
2016-10-15,-0.10501687609159688
2016-10-16,-0.6974406613527376
2016-10-17,-1.0515699929989872
2016-10-18,0.03320564931070502
2016-10-19,-0.44156040713716393
2016-10-20,-0.34930480477922066
2016-10-21,-0.08591062186420728
2016-10-22,0.7934115406857027
2016-10-23,0.4759913837973957
2016-10-24,-0.09960524610521607
2016-10-25,-0.27279052314701213
2016-10-26,-0.8148053438087834
2016-10-27,0.17805346505953673
2016-10-28,-0.6486386297193356
2016-10-29,-0.49627899778901297
2016-10-30,-0.8096730033891079
2016-10-31,-0.6905892716066718
2016-11-01,0.4491125246779275
2016-11-02,-0.9161887678192974
2016-11-03,-0.05173395732884911
2016-11-04,0.015976889982332654
2016-11-05,1.9927047443296348
2016-11-06,-0.04023506230115159
2016-11-07,-0.33486836622152205
2016-11-08,1.0018182910643136
2016-11-09,1.3631478218519222
2016-11-10,-1.0706453565784917
2016-11-11,-0.48203976405199
2016-11-12,-1.0525021895646214
2016-11-13,0.0643922492843001
2016-11-14,0.8317550103392242
2016-11-15,0.22621844586357437
2016-11-16,-0.1991642573312451
2016-11-17,-1.0976205541212096
2016-11-18,0.1668465591332256
2016-11-19,0.22391518871684196
2016-11-20,1.722664809548234
2016-11-21,0.8099327913709002
2016-11-22,-1.6623840427519812
2016-11-23,1.0863816282746424
2016-11-24,-0.11719561711727333
2016-11-25,-0.3002996549629497
2016-11-26,0.39210356140515107
2016-11-27,-0.17746494574340488
2016-11-28,-0.6569015872425641
2016-11-29,-0.15914861692239857
2016-11-30,1.1581247203429132
2016-12-01,-1.1541934115840449
2016-12-02,-0.608480584328645
2016-12-03,-0.03352773779966234
2016-12-04,0.9980711463201166
2016-12-05,0.46760496319939027
2016-12-06,-1.1235932886876103
2016-12-07,-0.05057911055455244
2016-12-08,1.0834576306650239
2016-12-09,-0.4095390618435907
2016-12-10,-1.0079728389681173
2016-12-11,-0.9098922789501939
2016-12-12,-0.8603543273182377
2016-12-13,-0.28683014746318736
2016-12-14,0.26471614962554524
2016-12-15,-0.5511895266338702
2016-12-16,0.3385440881447204
2016-12-17,1.4481895324159253
2016-12-18,0.34465172464452487
2016-12-19,0.15979551964244187
2016-12-20,-0.8169795609412678
2016-12-21,-0.5401037194940731
2016-12-22,-0.6457158409071123
2016-12-23,-0.7015733958893925
2016-12-24,-0.24506004642289891
2016-12-25,0.030800139843467855
2016-12-26,-1.64441030841986
2016-12-27,-0.11069006786574032
2016-12-28,0.0851242336903636
2016-12-29,-0.0747288157328283
2016-12-30,-0.3512691419733081
2016-12-31,-1.002935891382454
2017-01-01,0.20368982558294824
2017-01-02,-0.1594874605401298
2017-01-03,-1.3125850022433774
2017-01-04,-0.12510683830259706
2017-01-05,-0.8020664526994754
2017-01-06,-0.5358623359780028
2017-01-07,-0.44705275609239226
2017-01-08,-0.6516165537410474
2017-01-09,-0.4873273419789249
2017-01-10,0.8733595797954685
2017-01-11,0.8207624181087804
2017-01-12,-0.8937296603318765
2017-01-13,1.4624237875218908
2017-01-14,0.06427471538384222
2017-01-15,0.5250960212090621
2017-01-16,0.5351463963745378
2017-01-17,0.27767795815457486
2017-01-18,-0.5156771738549266
2017-01-19,0.7486960364576262
2017-01-20,-0.21215156817366537
2017-01-21,0.11456567958337704
2017-01-22,-0.5335134840234006
2017-01-23,-0.7213728356057694
2017-01-24,-0.9217527908562503
2017-01-25,-0.32676608834629783
2017-01-26,0.33824931949392806
2017-01-27,0.6911269596859921
2017-01-28,-0.7549257020878654
2017-01-29,-0.7299616799457598
2017-01-30,-0.5135978644304825
2017-01-31,-0.5648399831094346
2017-02-01,-0.11025574609788524
2017-02-02,1.1338135010728467
2017-02-03,1.0370804697595615
2017-02-04,1.0103481845971949
2017-02-05,1.6421347826186152
2017-02-06,-0.9187917405960219
2017-02-07,0.07887765810305067
2017-02-08,0.8184862570856506
2017-02-09,-1.291585303199864
2017-02-10,-0.4939590950666352
2017-02-11,0.3686733012009933
2017-02-12,0.9316654422440607
2017-02-13,0.7562927607182701
2017-02-14,-1.5810135251013735
2017-02-15,-0.0751064627913739
2017-02-16,-0.9615794991876638
2017-02-17,-0.9779771266071969
2017-02-18,-0.5999719488044547
2017-02-19,0.5882749635458124
2017-02-20,-0.6066070525885658
2017-02-21,-0.6092897016805204
2017-02-22,-0.8198584000947232
2017-02-23,-0.42031334533222175
2017-02-24,-0.700599654673949
2017-02-25,-0.8794171252995384
2017-02-26,-0.5754667668462083
2017-02-27,1.5334086403311094
2017-02-28,0.8020815559795319
2017-03-01,-1.4070353040912111
2017-03-02,-1.23957825646775
2017-03-03,1.5115810820697644
2017-03-04,0.9231400100923807
2017-03-05,-0.2397447804839985
2017-03-06,0.9568558749983077
2017-03-07,-0.7888307898281353
2017-03-08,-1.10841947117217
2017-03-09,-0.5658139573576064
2017-03-10,-1.1083124760476413
2017-03-11,0.16023012019839578
2017-03-12,1.1583871176150073
2017-03-13,1.2656007906815059
2017-03-14,-0.07885812680751658
2017-03-15,-1.1925285301020574
2017-03-16,0.06141308319677702
2017-03-17,-0.7755455663705364
2017-03-18,-0.8219750071568446
2017-03-19,-1.1124570730435686
2017-03-20,0.09914387304879568
2017-03-21,0.09254400264919932
2017-03-22,0.9377392624120564
2017-03-23,-0.004128455432278411
2017-03-24,-1.0404136749776114
2017-03-25,0.8758351120259448
2017-03-26,0.0013586720785254691
2017-03-27,0.49516221096062873
2017-03-28,-1.5811399537861401
2017-03-29,-0.5320842873468125
2017-03-30,0.0211307605951766
2017-03-31,0.1844393875698812
2017-04-01,0.5905244767806047
2017-04-02,-0.7392456498356799
2017-04-03,-0.6438311114575579
2017-04-04,-0.29653345159260847
2017-04-05,0.040270699862248904
2017-04-06,-0.18539275489826562
2017-04-07,-0.1914229411873321
2017-04-08,-0.02544894010605031
2017-04-09,-0.25811977886701665
2017-04-10,-0.16373177878381312
2017-04-11,-0.8433101928398221
2017-04-12,-0.7042865102246579
2017-04-13,-0.33906030993156666
2017-04-14,-0.7156744339852394
2017-04-15,-0.28132930023933644
2017-04-16,-0.6559452103856486
2017-04-17,-0.7669670897238979
2017-04-18,0.4131030363136886
2017-04-19,0.33055352600105453
2017-04-20,1.3373437832304294
2017-04-21,0.1873089347109531
2017-04-22,0.094235091716585
2017-04-23,-1.8698632160460347
2017-04-24,0.40883524890369005
2017-04-25,-0.0960390747969449
2017-04-26,0.05013159572464826
2017-04-27,-0.13408075937425978
2017-04-28,0.3181937210369671
2017-04-29,0.07981738278713503
2017-04-30,2.028427276650338
2017-05-01,-2.22260848313596
2017-05-02,-0.25454188582546533
2017-05-03,-1.3255826920533869
2017-05-04,-0.14217885562228583
2017-05-05,2.0951600533864805
2017-05-06,-0.3380526674671537
2017-05-07,-1.1952831350140871
2017-05-08,-0.19189635919101655
2017-05-09,0.6169756894560865
2017-05-10,0.86891537670854
2017-05-11,2.1010363769455136
2017-05-12,0.4234267526410793
2017-05-13,0.024055675207553362
2017-05-14,-1.7208812588174078
2017-05-15,-0.4982308575336001
2017-05-16,-0.5650360231448988
2017-05-17,-0.7541977514115976
2017-05-18,1.7317591202215852
2017-05-19,-0.42280686403534773
2017-05-20,0.08391707728279305
2017-05-21,-0.49551945899193817
2017-05-22,-0.26575437481009384
2017-05-23,-0.9836728866233346
2017-05-24,-0.07545625335962924
2017-05-25,-0.4252728010116571
2017-05-26,0.2549405483664465
2017-05-27,0.014722996754638285
2017-05-28,0.27946634409287474
2017-05-29,-0.30613698957284236
2017-05-30,-1.8853575770219582
2017-05-31,0.04753814819034652
2017-06-01,-0.2554683307622561
2017-06-02,0.7208098804356808
2017-06-03,-0.7252596055735245
2017-06-04,0.32854216390562707
2017-06-05,-0.6978440285692742
2017-06-06,1.362009072892389
2017-06-07,-2.078692416529794
2017-06-08,1.2055519951304017
2017-06-09,-0.7710929886011841
2017-06-10,-1.3505108272476805
2017-06-11,-0.046609677325860854
2017-06-12,-0.07421388189940548
2017-06-13,0.11713200569235888
2017-06-14,-0.27541737409401
2017-06-15,-0.4114095790881532
2017-06-16,-1.1641796067875594
2017-06-17,0.571872616714549
2017-06-18,-0.08084884836361642
2017-06-19,0.8089484847635956
2017-06-20,-0.7740241023005573
2017-06-21,0.19741246790457448
2017-06-22,0.26300063962891596
2017-06-23,-0.5753723775345309
2017-06-24,0.6361158575411234
2017-06-25,-0.4036482411281137
2017-06-26,1.045927055801957
2017-06-27,0.7620577263543682
2017-06-28,4.577251879855994
2017-06-29,1.5872408322605343
2017-06-30,-0.5880131767531576
2017-07-01,0.6207881424163166
2017-07-02,-1.666400192372142
2017-07-03,0.08369923020111787
2017-07-04,0.2942022945995262
2017-07-05,0.9665061076394328
2017-07-06,-0.8383008954260132
2017-07-07,0.402027565528789
2017-07-08,0.9273442610512975
2017-07-09,-0.4041083716691626
2017-07-10,-0.2698327605464488
2017-07-11,-1.289980457420918
2017-07-12,-0.3679219444714912
2017-07-13,-0.12308077700512632
2017-07-14,0.6836693888856542
2017-07-15,-0.46715571877426243
2017-07-16,-0.26244805573642516
2017-07-17,0.027898597329672703
2017-07-18,1.0613511171894638
2017-07-19,0.6674495608959382
2017-07-20,0.1252050021928408
2017-07-21,0.5363631179210875
2017-07-22,-1.5449624497020507
2017-07-23,0.034002092377254156
2017-07-24,0.3016545540166114
2017-07-25,0.3646067224419678
2017-07-26,-1.4446662985570675
2017-07-27,0.6227677162004438
2017-07-28,-0.4855353926308361
2017-07-29,-0.7180509522690042
2017-07-30,0.4239721095907392
2017-07-31,0.6996234947559561
2017-08-01,-1.1225381052051
2017-08-02,-0.8444998624543234
2017-08-03,-0.5374064314198004
2017-08-04,-0.5608861369634743
2017-08-05,0.7857010206829312
2017-08-06,0.6801449655758891
2017-08-07,0.5849536763049688
2017-08-08,0.09249543972277252
2017-08-09,1.3342208063156875
2017-08-10,-0.43386167511186213
2017-08-11,0.14266286575223708
2017-08-12,-0.9885659363165505
2017-08-13,-0.16217539139884513
2017-08-14,0.3574218206997348
2017-08-15,-0.5043853145534574
2017-08-16,-0.8788805284902184
2017-08-17,-0.5593347860637609
2017-08-18,0.2871579750770894
2017-08-19,0.2591183311580608
2017-08-20,-0.35874840550430015
2017-08-21,-0.23450701512338384
2017-08-22,0.15240174515663457
2017-08-23,-0.6834606545098652
2017-08-24,-0.19278357577338912
2017-08-25,-0.40098724527278573
2017-08-26,-0.4526225317060751
2017-08-27,0.6409575232222091
2017-08-28,-0.5464289151538295
2017-08-29,-0.4628781471964213
2017-08-30,0.26552024229951543
2017-08-31,-1.1089582919075442
2017-09-01,0.8595242088759051
2017-09-02,-0.14150930030849743
2017-09-03,-0.1861778834005195
2017-09-04,-0.12316851742093043
2017-09-05,-0.6502613104225278
2017-09-06,-0.34149949887145425
2017-09-07,-0.15667904611494232
2017-09-08,0.001339488597224714
2017-09-09,1.9044837892914825
2017-09-10,-0.9015072903494368
2017-09-11,1.1914284944163773
2017-09-12,-1.0592428763956643
2017-09-13,-0.4648604051728782
2017-09-14,1.097587994498975
2017-09-15,0.24467814544904742
2017-09-16,-0.6301532072805061
2017-09-17,0.1409302821211677
2017-09-18,-0.09637893138283816
2017-09-19,-1.1220580469122203
2017-09-20,0.09322352094748831
2017-09-21,-0.6419925308254466
2017-09-22,-0.18423619350608522
2017-09-23,-0.2358687980310349
2017-09-24,-0.1978120372208319
2017-09-25,1.0209585665766432
2017-09-26,-0.7060576150500276
2017-09-27,-0.49086806468841404
2017-09-28,-0.5643531614329302
2017-09-29,-0.5261010740469887
2017-09-30,-0.3654575421610844
2017-10-01,-0.6690393558263512
2017-10-02,-0.14877003903289887
2017-10-03,-0.07773445960482472
2017-10-04,-0.25777540158457346
2017-10-05,0.18417622629732955
2017-10-06,-0.6210607298424149
2017-10-07,0.5706012407306383
2017-10-08,-0.9084939639794922
2017-10-09,-0.2830763301095217
2017-10-10,-0.4443702606000956
2017-10-11,-0.07390477833287068
2017-10-12,-0.5015297051438665
2017-10-13,-0.14138485148619562
2017-10-14,-0.48985732068465854
2017-10-15,0.6111629639803039
2017-10-16,-0.024278456686584758
2017-10-17,0.17914745377541536
2017-10-18,0.09137549034036059
2017-10-19,-0.2697977158598145
2017-10-20,-0.4707579775108509
2017-10-21,0.7210107161974224
2017-10-22,-0.5016224739158461
2017-10-23,-0.26880221476350435
2017-10-24,-0.05544489956404269
2017-10-25,-1.0389953821876763
2017-10-26,0.37409380290311045
2017-10-27,0.12301493437617984
2017-10-28,-0.38743140809375126
2017-10-29,-0.14221449272613207
2017-10-30,-0.2884437027793847
2017-10-31,0.09880946886371589
2017-11-01,0.006961785381802504
2017-11-02,0.17135454868049285
2017-11-03,-0.7125647339748785
2017-11-04,0.4184787399092217
2017-11-05,0.5692346220770756
2017-11-06,1.211411576047947
2017-11-07,-0.7029249515308911
2017-11-08,0.05736839382350624
2017-11-09,0.6951073732414765
2017-11-10,-0.4359729925062678
2017-11-11,-0.5779195583428617
2017-11-12,0.3537631041607367
2017-11-13,1.1134731831331375
2017-11-14,-0.8859608116229172
2017-11-15,-0.5939770967543103
2017-11-16,-1.0014846611445463
2017-11-17,-0.8469524902896253
2017-11-18,-0.2545774614870212
2017-11-19,-0.3548678500737661
2017-11-20,-0.14515703962808468
2017-11-21,-0.5230653626681744
2017-11-22,0.27312531242692506
2017-11-23,0.18332818219604047
2017-11-24,-0.03218268067818654
2017-11-25,0.18859066703492522
2017-11-26,-0.25477509950820787
2017-11-27,-1.0525465723262404
2017-11-28,0.5569655186813238
2017-11-29,-0.1355649970064342
2017-11-30,0.2830251925948149
2017-12-01,0.9866181380258754
2017-12-02,0.7327644604276105
2017-12-03,-0.6056450261773434
2017-12-04,-0.26940203223097847
2017-12-05,-0.46043995659821313
2017-12-06,-0.03041995756791971
2017-12-07,-0.8105358786249443
2017-12-08,0.041567411846976765
2017-12-09,-0.5400073771056224
2017-12-10,2.4791528334231394
2017-12-11,1.0855419265408388
2017-12-12,-1.2982376469635712
2017-12-13,1.2847545187272267
2017-12-14,0.4189742376311394
2017-12-15,0.5922218374318932
2017-12-16,-0.5083381646789549
2017-12-17,-0.29585703931587065
2017-12-18,0.0033706703320832837
2017-12-19,-0.053254181213351834
2017-12-20,-0.9237791755586926
2017-12-21,-0.5165441687328973
2017-12-22,-0.6219935061438606
2017-12-23,0.17761511847001088
2017-12-24,-0.27492928892999424
2017-12-25,0.2932456465446403
2017-12-26,1.2949179657272505
2017-12-27,1.9126649276758219
2017-12-28,-0.11011924686750874
2017-12-29,0.006606140173255004
2017-12-30,0.3789044311408405
2017-12-31,0.25589759528298883
2018-01-01,0.9960169373621245
2018-01-02,-0.11009993992635514
2018-01-03,0.2909236948782995
2018-01-04,0.5945290438786073
2018-01-05,0.5999686144744696
2018-01-06,-0.6207153286891526
2018-01-07,-0.5064290320574576
2018-01-08,-0.7674096519902515
2018-01-09,0.6053391314551444
2018-01-10,0.6288198220149931
2018-01-11,0.5610196907193689
2018-01-12,-1.595525954395876
2018-01-13,0.0709081019863711
2018-01-14,-0.5881198058211483
2018-01-15,0.23114395816780597
2018-01-16,0.6111903878027479
2018-01-17,0.17024055153397993
2018-01-18,-0.5721334549568541
2018-01-19,-1.3832166717193557
2018-01-20,0.6990374473099215
2018-01-21,0.04152427375346662
2018-01-22,-0.5877344317810616
2018-01-23,-1.007258842346477
2018-01-24,-0.5869080629806847
2018-01-25,0.1272833228563922
2018-01-26,1.0772061019774521
2018-01-27,-0.10062681768695031
2018-01-28,0.6459879170825416
2018-01-29,-0.9230160274314935
2018-01-30,-0.37312186099637923
2018-01-31,-0.3496127563785949
2018-02-01,0.03571693432672929
2018-02-02,0.3890107160768481
2018-02-03,0.0396796406174513
2018-02-04,-0.06953256425785265
2018-02-05,-0.7087306682725762
2018-02-06,0.05603786112696851
2018-02-07,-0.21872908682751402
2018-02-08,-0.3255078969422428
2018-02-09,-0.6860007072685507
2018-02-10,0.4572987276095771
2018-02-11,-0.04871323818220037
2018-02-12,-0.07859844231204868
2018-02-13,0.6296282552800996
2018-02-14,0.09677405261433375
2018-02-15,-1.3532833941920528
2018-02-16,-0.6888837385255153
2018-02-17,-0.05011598847123022
2018-02-18,-0.770041471795297
2018-02-19,0.027567791815998888
2018-02-20,0.7875666640509842
2018-02-21,0.3564823009767708
2018-02-22,-1.1636880309861761
2018-02-23,-0.3327395056928245
2018-02-24,-0.9392814383297379
2018-02-25,-0.6504565010507722
2018-02-26,0.3698046327065964
2018-02-27,0.19969797565292832
2018-02-28,0.766021931574024
2018-03-01,1.4475731930312974
2018-03-02,0.5257926346771316
2018-03-03,0.8331977086927804
2018-03-04,-0.6685609527101408
2018-03-05,0.9654510073972911
2018-03-06,0.3483717595524308
2018-03-07,-0.44448666840633466
2018-03-08,-0.08488434745200012
2018-03-09,0.6170719084083858
2018-03-10,0.6428288732527798
2018-03-11,1.6273550058673851
2018-03-12,0.6606800668264985
2018-03-13,-1.237125164963389
2018-03-14,1.3260846102688686
2018-03-15,0.8159999523645365
2018-03-16,-0.2687229281676182
2018-03-17,0.8486211446034231
2018-03-18,-0.3305822557376342
2018-03-19,0.9777452883597935
2018-03-20,0.506059539827858
2018-03-21,0.0006497187582361619
2018-03-22,-0.49246909098853026
2018-03-23,0.7717373586543405
2018-03-24,2.094525455942365
2018-03-25,-0.9945619655441554
2018-03-26,0.14705059004928694
2018-03-27,-0.9739754752888341
2018-03-28,0.22445112946908888
2018-03-29,0.6330586997553248
2018-03-30,1.8114094432907344
2018-03-31,1.2022789108179488
2018-04-01,-1.5705994979860902
2018-04-02,0.41816336142668875
2018-04-03,0.6998530855129618
2018-04-04,1.6076359160088
2018-04-05,-1.8977789308817334
2018-04-06,0.9875466244419353
2018-04-07,-0.17012445358813355
2018-04-08,0.6618165027676132
2018-04-09,0.9963137140130833
2018-04-10,0.6032746680968282
2018-04-11,2.0142587385323414
2018-04-12,-0.6073699919958571
2018-04-13,-0.2822889240553158
2018-04-14,-0.9651491655475244
2018-04-15,0.8863154027004583
2018-04-16,-0.20408870738287532
2018-04-17,-0.9446551122951092
2018-04-18,0.04699322782082749
2018-04-19,0.8948771938805693
2018-04-20,0.3505416622324823
2018-04-21,-0.6138894287271528
2018-04-22,-0.45597515978849873
2018-04-23,-0.4630683759058317
2018-04-24,-0.14574184943345264
2018-04-25,-0.29399784328274536
2018-04-26,0.004921367519222897
2018-04-27,0.6843330394325908
2018-04-28,0.16529995346956577
2018-04-29,2.143308632409213
2018-04-30,-0.8100634932119679
2018-05-01,-0.6804481403968432
2018-05-02,-0.3338495151588603
2018-05-03,-0.08869383621134863
2018-05-04,0.1025594430880275
2018-05-05,-1.2448915622053562
2018-05-06,0.3318122930248356
2018-05-07,-0.8940944998699539
2018-05-08,-0.4823707311476654
2018-05-09,0.38935288997267165
2018-05-10,-0.04417110454695819
2018-05-11,0.39347961307373847
2018-05-12,0.8010111333359538
2018-05-13,0.522327686573182
2018-05-14,-0.11145355090738063
2018-05-15,0.2402959091739424
2018-05-16,-0.9430356289033156
2018-05-17,-0.1107672308968285
2018-05-18,-0.2848341486341361
2018-05-19,-0.17532512706790776
2018-05-20,-0.19303556440168207
2018-05-21,-0.42408119554340484
2018-05-22,-1.6692615612326533
2018-05-23,0.19900717949942792
2018-05-24,1.0414314434947283
2018-05-25,0.6299356152419526
2018-05-26,-1.0059751627641007
2018-05-27,0.8247301723220531
2018-05-28,-1.734565165297535
2018-05-29,0.7355563971151365
2018-05-30,-0.9603458589035869
2018-05-31,0.11743851568350805
2018-06-01,0.003019942677916554
2018-06-02,-0.2566701814716065
2018-06-03,0.8460865841006293
2018-06-04,0.8598847917518135
2018-06-05,0.7526955971895164
2018-06-06,-0.49708858734683903
2018-06-07,0.07367660879091051
2018-06-08,0.07379785292638047
2018-06-09,-0.057014058150397035
2018-06-10,-0.3590412644117867
2018-06-11,1.6851080085021926
2018-06-12,0.9576134584335734
2018-06-13,0.6153279359170114
2018-06-14,-1.6034823728888554
2018-06-15,-0.31935560992339
2018-06-16,-0.34479593193979835
2018-06-17,-0.7289931256286426
2018-06-18,0.6913543952472004
2018-06-19,-0.7326302347251377
2018-06-20,0.05878428738821656
2018-06-21,-0.3495731192524564
2018-06-22,0.5319664986166613
2018-06-23,-0.5305672641751757
2018-06-24,-0.05614181651526473
2018-06-25,0.4158487093332498
2018-06-26,0.47261471139697575
2018-06-27,0.3557554362952088
2018-06-28,-0.639533478386606
2018-06-29,0.6183429154163982
2018-06-30,0.3932794197642575
2018-07-01,0.40475006251312107
2018-07-02,-0.022151037512696037
2018-07-03,-0.6002174865442051
2018-07-04,1.219403088549339
2018-07-05,-0.5580086050235734
2018-07-06,0.24364812958289045
2018-07-07,-1.0235652072492987
2018-07-08,-0.16602120707664325
2018-07-09,0.9113955317782534
2018-07-10,0.2811281474363936
2018-07-11,0.5121373761089596
2018-07-12,0.49370947823852795
2018-07-13,-0.3588892007597165
2018-07-14,0.2667611391283002
2018-07-15,0.9654295102077328
2018-07-16,0.6954672521478723
2018-07-17,-1.0917039527545696
2018-07-18,0.6932777299205718
2018-07-19,-0.08551880834884373
2018-07-20,0.2799017988071697
2018-07-21,0.2071455879075016
2018-07-22,-0.5040940998026552
2018-07-23,0.09414937327801727
2018-07-24,0.8195024588951639
2018-07-25,-0.8976644025575204
2018-07-26,0.5690458096920727
2018-07-27,0.19892946179046067
2018-07-28,0.5064216820742142
2018-07-29,0.20690991605721754
2018-07-30,-1.0610754903953383
2018-07-31,-0.37450026222486815
2018-08-01,-0.6297943500070071
2018-08-02,0.510373511132578
2018-08-03,-0.37057463626698706
2018-08-04,-0.007295113920718743
2018-08-05,0.011684100233322392
2018-08-06,-0.0752030691557528
2018-08-07,1.0452175285231489
2018-08-08,0.2551781893649626
2018-08-09,0.5179661559717303
2018-08-10,0.7423824753345915
2018-08-11,-0.7040622608371536
2018-08-12,0.7500372734953726
2018-08-13,0.5591697155350417
2018-08-14,-0.7317432232464905
2018-08-15,0.4950185720506005
2018-08-16,-0.5227685524193392
2018-08-17,0.17772474570341934
2018-08-18,-0.4215309999067699
2018-08-19,-0.26553368218110496
2018-08-20,-0.06457283134423636
2018-08-21,-0.004508584990679687
2018-08-22,-0.29598050355273464
2018-08-23,-0.4187541865870849
2018-08-24,0.259571127772696
2018-08-25,0.38576783549652666
2018-08-26,-0.454863777179061
2018-08-27,0.12867817918023838
2018-08-28,0.7573979199724925
2018-08-29,-0.08814786373661537
2018-08-30,-0.3774668537451289
2018-08-31,-0.15391976254569628
2018-09-01,-0.2893037817619283
2018-09-02,0.4722807085716564
2018-09-03,0.5151744925872324
2018-09-04,-0.11713732689026998
2018-09-05,0.18669903376483848
2018-09-06,-0.06600913970553768
2018-09-07,-0.09592230277478762
2018-09-08,-0.550243187062986
2018-09-09,0.047012707162386536
2018-09-10,0.1840414498753929
2018-09-11,0.3291664194496126
2018-09-12,-0.6171340803427648
2018-09-13,-0.019327026484003362
2018-09-14,-0.04768985014328703
2018-09-15,-0.26551207071723404
2018-09-16,-0.22365720289723243
2018-09-17,0.32165513799756573
2018-09-18,-0.6474176744361781
2018-09-19,-0.4708022591002381
2018-09-20,0.5011302019393049
2018-09-21,-0.32521864689244484
2018-09-22,-0.08440611831131711
2018-09-23,-0.34988922713326465
2018-09-24,0.49421223649360446
2018-09-25,0.28152594961911354
2018-09-26,1.1505501482144478
2018-09-27,-0.477147691171384
2018-09-28,-0.4047255414006748
2018-09-29,-0.2856882288997402
2018-09-30,0.15115274983976873
2018-10-01,0.3641443670086232
2018-10-02,0.21830405233381123
2018-10-03,-0.42438894674389016
2018-10-04,-0.18445904467600888
2018-10-05,-0.047823251528586685
2018-10-06,0.6210206057172751
2018-10-07,0.580761495679885
2018-10-08,-0.3165783859609406
2018-10-09,0.5711422028303693
2018-10-10,-0.022839836915873102
2018-10-11,0.5700554350534173
2018-10-12,-0.3688172122014698
2018-10-13,0.3378277981715928
2018-10-14,1.8409008263182471
2018-10-15,-0.27133591201689766
2018-10-16,-0.9718701653009638
2018-10-17,0.40278992011220666
2018-10-18,0.18902534749056293
2018-10-19,0.6627873779032392
2018-10-20,0.12994437109528678
2018-10-21,-0.19657332287347185
2018-10-22,0.19706441315086792
2018-10-23,-1.0097920181041562
2018-10-24,0.055441125763031784
2018-10-25,-0.6456526136874104
2018-10-26,-0.13954217782852263
2018-10-27,0.850578432131356
2018-10-28,0.32623947827629973
2018-10-29,2.156000326271355
2018-10-30,-0.18816264408488825
2018-10-31,0.4511818741758117
2018-11-01,-1.1778335877159538
2018-11-02,-0.008417687208672808
2018-11-03,-0.7919639394675722
2018-11-04,0.3914789399126881
2018-11-05,1.387636912050801
2018-11-06,0.8073175145778927
2018-11-07,0.43521854470483456
2018-11-08,-0.018266682190905104
2018-11-09,0.7950525299052833
2018-11-10,0.7283716959248145
2018-11-11,0.04796126151789715
2018-11-12,-0.8579317603342709
2018-11-13,0.16019463451214272
2018-11-14,0.20285828922951402
2018-11-15,-0.14991912801978136
2018-11-16,0.425019371023761
2018-11-17,-0.3689582834962777
2018-11-18,1.2659268107748483
2018-11-19,0.4883992663817618
2018-11-20,0.4451132136363616
2018-11-21,0.20218286606925795
2018-11-22,-0.8083647163718131
2018-11-23,0.4416476218702143
2018-11-24,-0.26381138937301657
2018-11-25,1.528323299763108
2018-11-26,0.579574702842029
2018-11-27,-0.7407188555104821
2018-11-28,0.32263373096937625
2018-11-29,-0.04697239997480013
2018-11-30,0.4141910658974698
2018-12-01,-0.29251809464905265
2018-12-02,0.02550681931625492
2018-12-03,0.37782061459864347
2018-12-04,-0.3890992361629154
2018-12-05,-0.24843585853842207
2018-12-06,0.15550462963260359
2018-12-07,0.2010943716732752
2018-12-08,-0.15234329335822624
2018-12-09,0.5728953253984007
2018-12-10,-0.3964355956254229
2018-12-11,-0.24826604943232414
2018-12-12,0.1204863078119905
2018-12-13,1.7750501551435467
2018-12-14,-0.1967083126905046
2018-12-15,0.09634069028477277
2018-12-16,0.6617211715530317
2018-12-17,-0.195051578829258
2018-12-18,0.21607563555571974
2018-12-19,0.4421321264934864
2018-12-20,-0.5798567122013616
2018-12-21,0.8998571582773303
2018-12-22,-0.5061034755714222
2018-12-23,-0.26475036707225214
2018-12-24,-0.2423706461200878
2018-12-25,-0.7424457664651949
2018-12-26,-0.2346545030839049
2018-12-27,-0.5143022373978394
2018-12-28,0.2189980563691416
2018-12-29,0.6502816633519484
2018-12-30,0.2811900380041229
2018-12-31,-0.0674857058271904
