horizon_days,cond_mean,cond_var,cond_std,ci95_lo,ci95_hi
1,2.8448188692213883,0.0009781715068838495,0.03127573351472111,2.783518431532535,2.9061193069102416
2,3.6099130826799093,0.029626797693797235,0.17212436693797087,3.2725493234814866,3.947276841878332
3,3.4972318456817897,0.12803249615232107,0.3578162882713992,2.7959119206698473,4.198551770693732
5,2.1456029688746754,0.3771249649490551,0.6141050113368682,0.9419571466544137,3.3492487910949373
7,0.9829336902900117,0.487980724137814,0.6985561710684504,-0.38623640500415113,2.352103785584174
10,0.23724666573281195,0.5164240575159389,0.7186265076630133,-1.171261289286694,1.6457546207523182
14,0.029198615167538595,0.5182075563805356,0.7198663461924968,-1.381739423369755,1.4401366537048321
21,0.0006257680612375453,0.5182354583790196,0.7198857259169816,-1.4103502547360465,1.4116017908585217
30,4.124423788048292e-06,0.5182354713164872,0.7198857349027602,-1.410971915985622,1.410980164833198
60,2.0780445250716896e-13,0.5182354713170505,0.7198857349031514,-1.410976040409969,1.4109760404103846
90,1.0429385448672296e-20,0.5182354713170508,0.7198857349031517,-1.4109760404101772,1.4109760404101772
