param,value
alpha1,3.467557824455022
alpha2,4.478936956376879
alpha3,2.522806839627517
alpha4,0.5188073732074314
nig_alpha,2649.5662378738543
nig_beta,-0.0021145739716217013
nig_mu,0.0
nig_delta,51.51617460831311
excess_kurtosis_z,-0.27825765385797085
ks_stat_nig,0.0241779565841721
ks_pval_nig,0.027483590059998897
ks_stat_norm,0.024236012031927157
ks_pval_norm,0.026923822699008615
h_t0,0.7511003581460702
sigma2_seas_t0,1.462808310618992
sigma2_total_t0,1.0987158460049729
C0,1.1627749214042429
C1,0.25932890714612
C2,0.0407670629759747
