horizon_days,cond_mean,cond_var,cond_std
1,0.77921369189102,8.583006499952168e-05,0.009264451683695139
2,1.3030578280483427,0.00269895755099744,0.05195149228845539
3,1.4595205255053698,0.012112723232303023,0.11005781767917726
5,1.1125515445927916,0.03862815647599163,0.19654047032606703
7,0.6580689323526201,0.05360169259067607,0.23152039346605316
10,0.27033451463492847,0.0598894668528,0.2447232454279732
14,0.0818333445611677,0.06104439872961318,0.24707164695612724
21,0.010160692861281644,0.06115930159860075,0.2473040670886768
30,0.0006950827201876132,0.06116109230007148,0.24730768750702328
60,9.10083773584796e-08,0.061161100719581245,0.24730770452936005
90,1.1915883447654904e-11,0.06116110071958142,0.24730770452936038
