date,z_t
2014-12-31,-0.46272074564824867
2015-01-01,-0.31312979489699416
2015-01-02,-0.8793838290542307
2015-01-03,-0.5285307295719275
2015-01-04,-1.2395623612449456
2015-01-05,-0.9353270872042336
2015-01-06,-1.253752814529153
2015-01-07,-0.2031465572680832
2015-01-08,-0.09008680882699537
2015-01-09,-0.3705545452848658
2015-01-10,0.6304195770632419
2015-01-11,-0.011762584205886977
2015-01-12,-0.8827069064727253
2015-01-13,1.1042001266729378
2015-01-14,-0.7819473637936157
2015-01-15,1.9501660863429429
2015-01-16,0.24960264203516433
2015-01-17,-1.089161318697951
2015-01-18,1.128961221474893
2015-01-19,0.5826913859496967
2015-01-20,-1.9343803821708558
2015-01-21,1.9592773225260902
2015-01-22,0.33666488627829855
2015-01-23,-1.1072617658336208
2015-01-24,0.6574479018446572
2015-01-25,0.27666263009515385
2015-01-26,-2.33750126810806
2015-01-27,0.524103729419314
2015-01-28,-1.2761700431880547
2015-01-29,2.7163504041467643
2015-01-30,2.346206772342708
2015-01-31,0.6511144518793109
2015-02-01,0.10948118266656119
2015-02-02,0.4173964424791415
2015-02-03,0.45588808583930074
2015-02-04,0.8224911176195971
2015-02-05,0.3937297022566189
2015-02-06,-0.8323788117000575
2015-02-07,-1.7737941148596987
2015-02-08,0.7583321737378831
2015-02-09,0.3843166898832101
2015-02-10,-0.005630398906458603
2015-02-11,-0.8111907818539246
2015-02-12,-1.82867345490637
2015-02-13,1.665416840149744
2015-02-14,1.1720482179675051
2015-02-15,0.3820651630048664
2015-02-16,-0.48196837758121236
2015-02-17,2.061782590949792
2015-02-18,-0.4267348846054827
2015-02-19,-0.6268138438199023
2015-02-20,-0.7590636347830456
2015-02-21,1.5156357087608006
2015-02-22,0.1578071626716599
2015-02-23,0.8583715322062935
2015-02-24,1.1605948827613943
2015-02-25,-0.08494599838227086
2015-02-26,-0.3329576417290446
2015-02-27,0.016772773798623884
2015-02-28,-2.234443152118324
2015-03-01,-0.12631370719476828
2015-03-02,-1.4629105650638552
2015-03-03,-0.6055450189636169
2015-03-04,1.4820046446464934
2015-03-05,0.5505240773360339
2015-03-06,-0.5171192741671417
2015-03-07,-1.1082507993309367
2015-03-08,-1.3502049607934288
2015-03-09,-0.6909376008210794
2015-03-10,-1.22587770799645
2015-03-11,-0.8405661525607131
2015-03-12,0.08397411152624003
2015-03-13,0.012329288308087797
2015-03-14,0.32584042154299775
2015-03-15,-1.412193480400051
2015-03-16,-1.0611483170401683
2015-03-17,1.3329577234704781
2015-03-18,0.8016626419474191
2015-03-19,1.143413344446404
2015-03-20,1.2664722384398392
2015-03-21,-0.16713727925718053
2015-03-22,-0.08354850564067912
2015-03-23,-0.38474423325018414
2015-03-24,1.128329191624934
2015-03-25,1.0105993298599403
2015-03-26,-0.7339791269460532
2015-03-27,-0.7873017110034755
2015-03-28,-1.7920365666430935
2015-03-29,-0.2569907541202136
2015-03-30,0.07465030938395673
2015-03-31,-1.6113341937047487
2015-04-01,0.1557056526880101
2015-04-02,-1.9762359626066786
2015-04-03,-0.3890059087011641
2015-04-04,-0.20553390961110485
2015-04-05,-0.4140959078693487
2015-04-06,1.0627770359345756
2015-04-07,1.0191191368753196
2015-04-08,0.7100187672275918
2015-04-09,-1.4762974636056803
2015-04-10,-1.2742618968265589
2015-04-11,-0.29104772099065157
2015-04-12,0.2604882654036954
2015-04-13,-0.5257550944855838
2015-04-14,1.5039156158363953
2015-04-15,-0.4734198763231795
2015-04-16,-0.585348682889161
2015-04-17,-1.1180733160493592
2015-04-18,-0.06539620871616271
2015-04-19,-0.6589911240208539
2015-04-20,-1.0088949450265685
2015-04-21,1.7794936593004977
2015-04-22,-0.8168994461200458
2015-04-23,-2.5464866639442207
2015-04-24,0.8529263980194033
2015-04-25,1.0050859115095367
2015-04-26,1.236757553256038
2015-04-27,0.6235047463858517
2015-04-28,-1.8426139346275916
2015-04-29,-1.045974000471839
2015-04-30,-0.33791513686175706
2015-05-01,1.7202414048557386
2015-05-02,-0.9180413188617337
2015-05-03,0.17675969704740357
2015-05-04,2.1220451866319694
2015-05-05,0.16200072457067397
2015-05-06,-2.553009544508146
2015-05-07,0.6319395756914021
2015-05-08,0.6585204496198355
2015-05-09,-1.936110215334573
2015-05-10,0.6143208618960655
2015-05-11,-1.2958267404039308
2015-05-12,-1.4859242514408884
2015-05-13,0.9731845582906014
2015-05-14,2.083108124129756
2015-05-15,0.6792006185994748
2015-05-16,0.37975608917695186
2015-05-17,-0.5448556873068703
2015-05-18,0.02433051629216872
2015-05-19,0.9406610306202502
2015-05-20,0.16119794763321169
2015-05-21,-0.11713705996622308
2015-05-22,-0.04434156920428787
2015-05-23,-0.35531633854549133
2015-05-24,-0.12550763898800138
2015-05-25,-0.010878612537797823
2015-05-26,-0.7202399316368538
2015-05-27,0.08910906417140807
2015-05-28,-0.12346779757586403
2015-05-29,0.1619498959624168
2015-05-30,-1.3508547665995914
2015-05-31,-1.14416307034455
2015-06-01,1.0718973969819283
2015-06-02,-1.2434412042881797
2015-06-03,0.8664689560199319
2015-06-04,-1.2506344943553962
2015-06-05,-0.044902975231875204
2015-06-06,-0.5243197962796607
2015-06-07,-0.7052513744713392
2015-06-08,0.10415681125919836
2015-06-09,0.2178797864597969
2015-06-10,0.42902820774780587
2015-06-11,1.4637865155365473
2015-06-12,-0.050686049476247524
2015-06-13,-0.9545307860415613
2015-06-14,1.451707698754782
2015-06-15,-0.8783575689607135
2015-06-16,-1.3021601731501882
2015-06-17,0.5927481622332647
2015-06-18,-1.3449347657468478
2015-06-19,-0.4003716314777025
2015-06-20,-1.3119135952609526
2015-06-21,-0.20037978673633777
2015-06-22,1.0212375412180317
2015-06-23,-1.7351864614218222
2015-06-24,-1.0835571416144176
2015-06-25,-0.2969313505438202
2015-06-26,0.8749434825423236
2015-06-27,-1.3685454018297367
2015-06-28,-0.8171470610978642
2015-06-29,0.4961860983602019
2015-06-30,2.165224391413836
2015-07-01,-0.07885824717216904
2015-07-02,1.1696025376254937
2015-07-03,1.3871362080140928
2015-07-04,-1.7116349354828233
2015-07-05,0.01284252039563895
2015-07-06,0.8275942309071612
2015-07-07,1.1130311210533599
2015-07-08,-0.7751433189370591
2015-07-09,1.8875369333235994
2015-07-10,1.7855436910734475
2015-07-11,-2.175094579336361
2015-07-12,-0.15964381402984829
2015-07-13,-0.596546838948556
2015-07-14,-0.4950313524668075
2015-07-15,-0.503951685374099
2015-07-16,0.18974787349701117
2015-07-17,0.016129037620669324
2015-07-18,0.4514761180942684
2015-07-19,-0.6945907757066258
2015-07-20,0.7495068316459019
2015-07-21,0.19369505428622363
2015-07-22,0.4751263235094175
2015-07-23,0.4935169839006083
2015-07-24,0.47646558585415305
2015-07-25,0.001826323192676455
2015-07-26,0.6951462184991433
2015-07-27,0.15076379877639193
2015-07-28,-1.1622697002994733
2015-07-29,1.1963239313521303
2015-07-30,0.4649883952335993
2015-07-31,1.2151627411138495
2015-08-01,-2.029503339408661
2015-08-02,1.2959284358478755
2015-08-03,0.3958272024264783
2015-08-04,-0.8763299919190352
2015-08-05,0.7204997876555855
2015-08-06,-0.8844408026352845
2015-08-07,1.0892406930993663
2015-08-08,-0.4379651335011997
2015-08-09,0.1305147703004378
2015-08-10,0.4099267450221378
2015-08-11,0.8671971214012099
2015-08-12,-0.371852194950684
2015-08-13,3.1922759409077015
2015-08-14,-0.04731589277027921
2015-08-15,-0.8501214384640233
2015-08-16,0.6877633860043572
2015-08-17,-0.18630602085963252
2015-08-18,0.4172504111745916
2015-08-19,-0.1963420103669762
2015-08-20,0.49387224395265994
2015-08-21,0.462412434690792
2015-08-22,0.6987499146664806
2015-08-23,3.13073663427229
2015-08-24,1.0532483830059938
2015-08-25,-1.7834890350699875
2015-08-26,1.0471383097192626
2015-08-27,-0.2316966109282795
2015-08-28,-1.1720065085785278
2015-08-29,0.2052638086972693
2015-08-30,-0.031123901727981577
2015-08-31,0.6230784364041538
2015-09-01,-0.09829955318849598
2015-09-02,0.23469180586556906
2015-09-03,1.6284338590438525
2015-09-04,-0.24954999656410234
2015-09-05,0.04994808822606811
2015-09-06,-0.3351295336962526
2015-09-07,-0.19076156058436236
2015-09-08,-0.767328645569195
2015-09-09,0.48652820731996427
2015-09-10,0.27271788068439473
2015-09-11,-0.1137384996055152
2015-09-12,-0.19210311565350036
2015-09-13,2.9990274759690445
2015-09-14,0.29401192352210503
2015-09-15,0.9497186562110834
2015-09-16,3.1059727212246075
2015-09-17,-0.3059993514108482
2015-09-18,-0.6921219077461547
2015-09-19,0.01173461068850451
2015-09-20,-0.6186756766914289
2015-09-21,0.055540693099181186
2015-09-22,1.2295369268166783
2015-09-23,-0.18330459757817638
2015-09-24,-0.042490167401152176
2015-09-25,-0.6916262253683552
2015-09-26,-0.6166565995263512
2015-09-27,-0.10336559157585667
2015-09-28,0.5879545655188685
2015-09-29,0.6566041984827882
2015-09-30,0.4219333904884073
2015-10-01,0.14252655619652196
2015-10-02,-0.24392560571286304
2015-10-03,0.23513439858587318
2015-10-04,0.14800927406718448
2015-10-05,3.167199307444432
2015-10-06,1.4907555725157573
2015-10-07,-1.837325490770297
2015-10-08,-0.13972445225906915
2015-10-09,-0.6341617497297577
2015-10-10,0.8783022525130125
2015-10-11,0.015592731453655324
2015-10-12,0.21788566153454988
2015-10-13,0.059355262436163694
2015-10-14,-0.1614493991117292
2015-10-15,0.20835562198907234
2015-10-16,-0.1871391866640778
2015-10-17,0.0603215039320304
2015-10-18,-0.5095381483526379
2015-10-19,0.7635248528243833
2015-10-20,-0.30050383290792837
2015-10-21,-0.4752696657978206
2015-10-22,0.06481041569856967
2015-10-23,-0.6671995974956193
2015-10-24,-1.5999371892360112
2015-10-25,0.5801739320408591
2015-10-26,0.454499605577204
2015-10-27,1.252055330720486
2015-10-28,1.7442969714249448
2015-10-29,-0.6198447227467219
2015-10-30,-0.04348663612153425
2015-10-31,0.3709194301112961
2015-11-01,2.6222889575482773
2015-11-02,1.3680249084462157
2015-11-03,-0.948340760782069
2015-11-04,0.23561833239647928
2015-11-05,-1.2563892190714243
2015-11-06,0.2103033788079607
2015-11-07,-0.25215001406166365
2015-11-08,0.5779427744682233
2015-11-09,-0.6954110757694945
2015-11-10,0.23241125002714555
2015-11-11,-1.953413392776795
2015-11-12,-0.29588735220192136
2015-11-13,-0.453998111110997
2015-11-14,0.8995929463737946
2015-11-15,-0.6612559216177515
2015-11-16,-0.44780069508603876
2015-11-17,0.2839435487209631
2015-11-18,-0.06115040589278196
2015-11-19,-0.5199228223128283
2015-11-20,1.2294229880103613
2015-11-21,3.1245519831655066
2015-11-22,-0.8137724726822659
2015-11-23,0.33080196234060916
2015-11-24,-0.9720620950404861
2015-11-25,1.7616931681186438
2015-11-26,0.9195198982030693
2015-11-27,-0.05284366245677001
2015-11-28,-0.3373163685296264
2015-11-29,0.2040991559842497
2015-11-30,-0.7725093539916346
2015-12-01,-0.6594762664166026
2015-12-02,-0.6192367552232898
2015-12-03,0.03299501028751819
2015-12-04,-1.023898174170514
2015-12-05,-0.26384692680584676
2015-12-06,-0.20429665728343552
2015-12-07,0.25044008446821264
2015-12-08,-0.9847267605362616
2015-12-09,1.4409329143420262
2015-12-10,-1.0982352767831292
2015-12-11,0.37363814875001866
2015-12-12,-0.6094689579609436
2015-12-13,0.34073976774857706
2015-12-14,0.7561095289896647
2015-12-15,-0.4152340509833393
2015-12-16,-0.3193927520322448
2015-12-17,-0.6543923955797619
2015-12-18,-1.196485238805967
2015-12-19,0.14265521175807155
2015-12-20,-1.0342078947490254
2015-12-21,0.07877922072682758
2015-12-22,0.481984640840623
2015-12-23,-1.4580151506352907
2015-12-24,0.3068337650442577
2015-12-25,-0.1698544413491235
2015-12-26,0.8203808950513922
2015-12-27,0.3590378763369015
2015-12-28,0.24515015252649902
2015-12-29,-0.6501782890318232
2015-12-30,0.8178290550462585
2015-12-31,-0.5640675417279655
2016-01-01,0.8559524977321739
2016-01-02,0.4765202086410882
2016-01-03,2.021099166525473
2016-01-04,1.7184245165554057
2016-01-05,-0.058144685785488794
2016-01-06,1.7821976336772727
2016-01-07,1.3190656219495622
2016-01-08,0.5749972715980957
2016-01-09,0.6676526079027033
2016-01-10,2.0641757807479912
2016-01-11,0.9005045708986512
2016-01-12,-0.321041665479607
2016-01-13,-0.8584315378234094
2016-01-14,-0.20000672898047625
2016-01-15,0.660008002392663
2016-01-16,0.7612823222341372
2016-01-17,-1.2133468986301037
2016-01-18,1.0918655724599184
2016-01-19,-1.5859699861339493
2016-01-20,-0.9761742883209169
2016-01-21,-0.6772146954629754
2016-01-22,-0.7815091762708031
2016-01-23,-0.8475655397749023
2016-01-24,0.03868293539595231
2016-01-25,-0.9684139420149455
2016-01-26,-0.6708125274764665
2016-01-27,0.5417194268900751
2016-01-28,-0.8255472601722541
2016-01-29,-0.8467865917228526
2016-01-30,-0.08815819355349544
2016-01-31,-0.2584062857762201
2016-02-01,-0.6125966624130956
2016-02-02,-1.7472660951278216
2016-02-03,1.841222683572904
2016-02-04,-0.36353156220450333
2016-02-05,0.2601389812934827
2016-02-06,0.37094901392996427
2016-02-07,1.917607296991595
2016-02-08,0.5539400107521597
2016-02-09,2.361041184716569
2016-02-10,0.500132124014656
2016-02-11,0.06861171569348906
2016-02-12,1.479546514135758
2016-02-13,0.8388984554514864
2016-02-14,1.3198638018908135
2016-02-15,0.38565932071157144
2016-02-16,-0.719382737640974
2016-02-17,0.003156856982187816
2016-02-18,-0.5157441205617135
2016-02-19,-0.6331309317180227
2016-02-20,0.08661835443864983
2016-02-21,-0.459362158077802
2016-02-22,-1.0649074695726868
2016-02-23,-0.7197502540411959
2016-02-24,1.3480281154958509
2016-02-25,0.35184233270662624
2016-02-26,0.7975481280354912
2016-02-27,2.5933629808201464
2016-02-28,-0.20295893880029311
2016-02-29,1.2455826336215856
2016-03-01,-2.6120279137054294
2016-03-02,1.566992151578541
2016-03-03,-1.1066788608468874
2016-03-04,1.4060357547688818
2016-03-05,0.8431592269408702
2016-03-06,-0.6702833435859872
2016-03-07,0.7697377517061627
2016-03-08,-0.276930556165423
2016-03-09,1.176437796741652
2016-03-10,0.6229013217537896
2016-03-11,-1.24222699058375
2016-03-12,-0.6677048686119236
2016-03-13,0.011092466495672752
2016-03-14,-0.5929725887556919
2016-03-15,-0.6869546990526469
2016-03-16,0.3712897704758158
2016-03-17,-0.9057280913253266
2016-03-18,-0.425900057968098
2016-03-19,0.3321431401598864
2016-03-20,-0.8938880125752098
2016-03-21,-0.702360426189639
2016-03-22,0.9143716977557382
2016-03-23,0.11102032766291535
2016-03-24,-1.0722747475827916
2016-03-25,-0.41307371929255493
2016-03-26,1.171648908652283
2016-03-27,0.7454363799096637
2016-03-28,0.8912345806622217
2016-03-29,-0.3915139265049589
2016-03-30,-1.0294938125412385
2016-03-31,3.5339748172017207
2016-04-01,-1.7855113792032047
2016-04-02,-0.1833419339347705
2016-04-03,0.4335499573713608
2016-04-04,-0.015932134971879
2016-04-05,1.1640259540048357
2016-04-06,-1.4317164946386003
2016-04-07,0.4189209537446755
2016-04-08,1.1015146406929444
2016-04-09,-0.5392770504017649
2016-04-10,1.6640658088959877
2016-04-11,0.39716851359374
2016-04-12,0.20287953889135799
2016-04-13,1.310328495745074
2016-04-14,-0.8937685116611055
2016-04-15,0.23956037571312966
2016-04-16,1.6430879582045075
2016-04-17,-0.42087085714154926
2016-04-18,-0.5230954435833042
2016-04-19,0.6343375949057729
2016-04-20,1.3810962070328425
2016-04-21,-1.198796999154664
2016-04-22,-1.6792914869302569
2016-04-23,0.4589537758858589
2016-04-24,0.6719747590778221
2016-04-25,-0.394287177639265
2016-04-26,-0.51835310010256
2016-04-27,0.603918986805598
2016-04-28,-0.40982165439104473
2016-04-29,-1.4203934261242517
2016-04-30,1.8574008800333162
2016-05-01,1.4587613708260592
2016-05-02,-0.2957097191708156
2016-05-03,0.1007045779128262
2016-05-04,-0.9380256084565808
2016-05-05,0.06746081096680634
2016-05-06,2.319128955668284
2016-05-07,0.261987098240698
2016-05-08,2.4035237085637635
2016-05-09,0.21465915517044218
2016-05-10,-0.21742238286323703
2016-05-11,0.8132166054016676
2016-05-12,1.2485014498536227
2016-05-13,-0.2798106040171991
2016-05-14,-0.00422800771555313
2016-05-15,-1.7462681258120833
2016-05-16,-0.709387584032795
2016-05-17,-0.19413504623231048
2016-05-18,1.6184474546095682
2016-05-19,-0.616286742201434
2016-05-20,-0.8019422080954317
2016-05-21,1.5227729950716125
2016-05-22,2.106443337003505
2016-05-23,-0.8942039543474419
2016-05-24,0.7646180921471135
2016-05-25,-0.5136455003901383
2016-05-26,0.2882771537162611
2016-05-27,-0.17532291515680848
2016-05-28,1.9110966002496086
2016-05-29,2.225862446350162
2016-05-30,-1.1765155893774162
2016-05-31,1.034610884237887
2016-06-01,-0.25255980571253933
2016-06-02,-2.078482199641245
2016-06-03,2.4073009025237972
2016-06-04,-2.2843584916950532
2016-06-05,0.7192192416829523
2016-06-06,-0.03985531648628097
2016-06-07,-0.9283913697185185
2016-06-08,-1.645442999971756
2016-06-09,-0.8177867613275255
2016-06-10,0.42505268912711597
2016-06-11,-0.6518715293781292
2016-06-12,-1.917891888446803
2016-06-13,1.9087865926499028
2016-06-14,0.2991487510663749
2016-06-15,1.6143592039468118
2016-06-16,0.09094770779142335
2016-06-17,-0.8214208707367477
2016-06-18,-0.5639968513606174
2016-06-19,-0.6254135019874041
2016-06-20,-1.3948117116811996
2016-06-21,0.5512531272154346
2016-06-22,0.5047966697256895
2016-06-23,-0.18493108835558042
2016-06-24,1.1196840178267444
2016-06-25,0.02242544945234315
2016-06-26,0.6096806864758361
2016-06-27,-0.8935500611392833
2016-06-28,0.9917581361703514
2016-06-29,0.2541972758040126
2016-06-30,-0.24399556414334936
2016-07-01,-0.5999979862006385
2016-07-02,-0.9595786333928623
2016-07-03,1.0709294021272588
2016-07-04,-0.022703813270831236
2016-07-05,-0.1230083504910079
2016-07-06,0.6466619843527609
2016-07-07,0.3360424622900879
2016-07-08,-1.449024718296357
2016-07-09,-0.23886234509015666
2016-07-10,1.0032282852242689
2016-07-11,0.2322309524055772
2016-07-12,0.8225249066332401
2016-07-13,0.689356953897517
2016-07-14,-0.26479217791796394
2016-07-15,-0.6595112873262271
2016-07-16,-1.266449473585703
2016-07-17,-0.3783386597119068
2016-07-18,0.5801293153626511
2016-07-19,-3.6227555054117913
2016-07-20,-0.36319893179270135
2016-07-21,0.8298748228621418
2016-07-22,1.5348235092051137
2016-07-23,-0.06256334152056639
2016-07-24,0.1179847892976606
2016-07-25,-0.14883129406566886
2016-07-26,0.33399145042874046
2016-07-27,0.3919786186846844
2016-07-28,-0.8379963129893949
2016-07-29,0.6128055293884687
2016-07-30,0.8899770891887018
2016-07-31,-0.4694540490283745
2016-08-01,0.23709963684078655
2016-08-02,-0.2770156076930728
2016-08-03,-0.4185210996076414
2016-08-04,-1.2002295200210553
2016-08-05,0.037659142633292494
2016-08-06,-1.1115953643139533
2016-08-07,-0.7515115037266963
2016-08-08,-1.4839418130972286
2016-08-09,1.6189990512990944
2016-08-10,-0.4754143331070076
2016-08-11,-0.004192340040511492
2016-08-12,-0.9108537731463071
2016-08-13,-1.1251731696084197
2016-08-14,-1.4320349987459078
2016-08-15,-0.3875610082590492
2016-08-16,-0.45104127735598887
2016-08-17,-0.3892696054482828
2016-08-18,-1.4900685046687319
2016-08-19,-0.35977792881896836
2016-08-20,0.7426064368473537
2016-08-21,0.7566014950960951
2016-08-22,-0.7698154937739603
2016-08-23,0.31907934287951095
2016-08-24,-0.2685706177253178
2016-08-25,0.330869777732973
2016-08-26,-0.47116900855425675
2016-08-27,1.1290857361380322
2016-08-28,-0.16637516647542822
2016-08-29,-0.23604432512755047
2016-08-30,1.2483516193584574
2016-08-31,-0.9850307261563284
2016-09-01,-0.33483056433014413
2016-09-02,0.4886029743104252
2016-09-03,0.4232444528018266
2016-09-04,-0.3599368599486662
2016-09-05,-0.9593682996445032
2016-09-06,0.15983914796332122
2016-09-07,1.7673946517990673
2016-09-08,-0.991392087269956
2016-09-09,0.5551093378804272
2016-09-10,-0.4671407111736149
2016-09-11,0.5164577565365002
2016-09-12,0.5469993156362709
2016-09-13,1.9631150416923966
2016-09-14,0.948998550131542
2016-09-15,0.6576666987961461
2016-09-16,-0.6396525989002383
2016-09-17,0.7794886925612942
2016-09-18,-0.6941449215794018
2016-09-19,-1.5028748991583571
2016-09-20,-0.4460703331345203
2016-09-21,-0.8419981540972127
2016-09-22,-0.839113719468823
2016-09-23,-1.2775725758267755
2016-09-24,-0.13995087911826745
2016-09-25,-1.9936884152616703
2016-09-26,-0.20664330990245292
2016-09-27,0.44814343012467206
2016-09-28,0.8891489529731962
2016-09-29,-0.25709507517084795
2016-09-30,-1.2113579790743816
2016-10-01,0.35333617718159616
2016-10-02,-0.9388273856945932
2016-10-03,-0.8417513701369921
2016-10-04,-0.6692355274312676
2016-10-05,-0.4965413175693102
2016-10-06,-0.7535264580883262
2016-10-07,-0.6760868696384498
2016-10-08,0.051776730424451294
2016-10-09,0.8243759856630895
2016-10-10,-1.5287285404806858
2016-10-11,1.3781862365565856
2016-10-12,0.7979288599909241
2016-10-13,-0.7906707623626827
2016-10-14,0.9104583155792598
2016-10-15,-0.15236604245652827
2016-10-16,-1.025164204729933
2016-10-17,-1.5405030288825419
2016-10-18,0.04752536649047145
2016-10-19,-0.6406672768923706
2016-10-20,-0.5103173075371277
2016-10-21,-0.1266598776447649
2016-10-22,1.1847968787591239
2016-10-23,0.7043430345504922
2016-10-24,-0.14814594803157913
2016-10-25,-0.4108308193942911
2016-10-26,-1.2393001614856962
2016-10-27,0.26770835698532097
2016-10-28,-0.9864813926602752
2016-10-29,-0.7525602678794162
2016-10-30,-1.2320492994870418
2016-10-31,-1.0390603271181886
2016-11-01,0.67282009854011
2016-11-02,-1.3801504429214306
2016-11-03,-0.07662696823424935
2016-11-04,0.023970462711039715
2016-11-05,3.0277099802382788
2016-11-06,-0.05445629251840883
2016-11-07,-0.45996798248044934
2016-11-08,1.3915097196539559
2016-11-09,1.8638757441338114
2016-11-10,-1.4092726642540347
2016-11-11,-0.6247404255177249
2016-11-12,-1.3769378363696771
2016-11-13,0.08306664493239249
2016-11-14,1.0898037150487985
2016-11-15,0.29543710189421146
2016-11-16,-0.263789057178817
2016-11-17,-1.4744143243187278
2016-11-18,0.2199766362164373
2016-11-19,0.29953508020899094
2016-11-20,2.3359753687250873
2016-11-21,1.028495003183583
2016-11-22,-2.109440538703194
2016-11-23,1.3103633377033295
2016-11-24,-0.13994147077556435
2016-11-25,-0.36458438606651744
2016-11-26,0.4830093772795291
2016-11-27,-0.22140427164491516
2016-11-28,-0.8323054130656697
2016-11-29,-0.20265426509542026
2016-11-30,1.4973605145502713
2016-12-01,-1.46412354405301
2016-12-02,-0.7586568054704904
2016-12-03,-0.042100297468484205
2016-12-04,1.273604517679714
2016-12-05,0.5910645426245347
2016-12-06,-1.4351702084030198
2016-12-07,-0.06357190501214954
2016-12-08,1.3838072032065147
2016-12-09,-0.5158299859491182
2016-12-10,-1.2846888689136984
2016-12-11,-1.1482664668260412
2016-12-12,-1.0807060739135865
2016-12-13,-0.35947849588092895
2016-12-14,0.3364717551703437
2016-12-15,-0.710557961859138
2016-12-16,0.43978662930114554
2016-12-17,1.904873569754418
2016-12-18,0.43572661557434894
2016-12-19,0.20466159448053892
2016-12-20,-1.0623139773780674
2016-12-21,-0.7007386957038533
2016-12-22,-0.8442985878832139
2016-12-23,-0.9211529622725179
2016-12-24,-0.3223913801856869
2016-12-25,0.041077140211333046
2016-12-26,-2.2263638350997432
2016-12-27,-0.14130863938001634
2016-12-28,0.11037215343666557
2016-12-29,-0.0983963753862657
2016-12-30,-0.46958573338582943
2016-12-31,-1.3562896802243045
2017-01-01,0.27168881030946884
2017-01-02,-0.21570776462464616
2017-01-03,-1.8004463692538806
2017-01-04,-0.1657456479271532
2017-01-05,-1.078409078320944
2017-01-06,-0.7180898879686924
2017-01-07,-0.6031740904380433
2017-01-08,-0.8871966423090387
2017-01-09,-0.6650161671912693
2017-01-10,1.200930912737041
2017-01-11,1.1195772234834478
2017-01-12,-1.2130415603072784
2017-01-13,1.9686330918112587
2017-01-14,0.08283764276798465
2017-01-15,0.6873743654926127
2017-01-16,0.7060944519369877
2017-01-17,0.36908643311910305
2017-01-18,-0.6943794656739101
2017-01-19,1.0154846115990068
2017-01-20,-0.28733028699943164
2017-01-21,0.15726867623452248
2017-01-22,-0.7428037429933785
2017-01-23,-1.0099160288127376
2017-01-24,-1.2880167944524108
2017-01-25,-0.4513262417932373
2017-01-26,0.47243479487823775
2017-01-27,0.9756266835109911
2017-01-28,-1.0646285253005188
2017-01-29,-1.025538770600157
2017-01-30,-0.7198024268575305
2017-01-31,-0.7963152636633314
2017-02-01,-0.15605903930699758
2017-02-02,1.6266947093515076
2017-02-03,1.4484295993756795
2017-02-04,1.385588319444213
2017-02-05,2.2179860942042864
2017-02-06,-1.1707966445739098
2017-02-07,0.09994933674636744
2017-02-08,1.0536762300310494
2017-02-09,-1.6597842433443648
2017-02-10,-0.6181393512197189
2017-02-11,0.46603760655900744
2017-02-12,1.1925846588522142
2017-02-13,0.9618467294766813
2017-02-14,-2.013345953696034
2017-02-15,-0.09141925024837966
2017-02-16,-1.1898886392964636
2017-02-17,-1.2031242253418617
2017-02-18,-0.7335010569346864
2017-02-19,0.7249731979592614
2017-02-20,-0.7536204208662809
2017-02-21,-0.7624790850719242
2017-02-22,-1.0331418546299815
2017-02-23,-0.5292562377948359
2017-02-24,-0.8924947750279808
2017-02-25,-1.1239756281496132
2017-02-26,-0.7325549732269125
2017-02-27,1.9664391243259893
2017-02-28,0.985657092235568
2017-03-01,-1.7310134192447735
2017-03-02,-1.4807469019237725
2017-03-03,1.7750183449776833
2017-03-04,1.0508665514049296
2017-03-05,-0.2729534850412692
2017-03-06,1.1073977603029486
2017-03-07,-0.9111387453834383
2017-03-08,-1.2856920310916842
2017-03-09,-0.6507142154724919
2017-03-10,-1.2883093539462684
2017-03-11,0.18464135002843604
2017-03-12,1.3575829848557552
2017-03-13,1.466147217603775
2017-03-14,-0.08989833317435833
2017-03-15,-1.3833982457416434
2017-03-16,0.0703559610850395
2017-03-17,-0.9040937061625044
2017-03-18,-0.9623414935067087
2017-03-19,-1.3057335481967565
2017-03-20,0.11526782381491937
2017-03-21,0.10944849114054504
2017-03-22,1.1278880619853588
2017-03-23,-0.0049496571754972536
2017-03-24,-1.2685630186865953
2017-03-25,1.058764568372306
2017-03-26,0.0016408856045883415
2017-03-27,0.6081098056264166
2017-03-28,-1.9624651986424735
2017-03-29,-0.6332891540636496
2017-03-30,0.025416911891579384
2017-03-31,0.22560784299351858
2017-04-01,0.7337868443983682
2017-04-02,-0.9257212637369987
2017-04-03,-0.8083508091268
2017-04-04,-0.37445859737923215
2017-04-05,0.051559592391958245
2017-04-06,-0.24113395553985406
2017-04-07,-0.2526394840846798
2017-04-08,-0.03406956574062934
2017-04-09,-0.3507759399790227
2017-04-10,-0.22536467251646636
2017-04-11,-1.176732704448821
2017-04-12,-0.97546722613731
2017-04-13,-0.4693236286037438
2017-04-14,-1.0014507816640537
2017-04-15,-0.39303316885021194
2017-04-16,-0.9272019237113
2017-04-17,-1.0845780718914535
2017-04-18,0.5815542879911967
2017-04-19,0.46939125167457413
2017-04-20,1.918804153043623
2017-04-21,0.2577196967950158
2017-04-22,0.1314117835441242
2017-04-23,-2.644168298167058
2017-04-24,0.5300629869858873
2017-04-25,-0.1259074251326292
2017-04-26,0.06672516321440478
2017-04-27,-0.18116728468374482
2017-04-28,0.4361356310213508
2017-04-29,0.11067165841925519
2017-04-30,2.852596782316137
2017-05-01,-2.824128917441484
2017-05-02,-0.29326689706320164
2017-05-03,-1.551950447189242
2017-05-04,-0.16314959327748407
2017-05-05,2.445532156964022
2017-05-06,-0.36766385833335935
2017-05-07,-1.3209543882617067
2017-05-08,-0.21009936176369312
2017-05-09,0.6873459738394212
2017-05-10,0.9780704287147819
2017-05-11,2.371086221090758
2017-05-12,0.4475913389373583
2017-05-13,0.02582054396727008
2017-05-14,-1.8812963037478425
2017-05-15,-0.5254967079661912
2017-05-16,-0.604428160369228
2017-05-17,-0.8169473202844023
2017-05-18,1.890139589805642
2017-05-19,-0.445020572236414
2017-05-20,0.08969542922960715
2017-05-21,-0.5393980626246855
2017-05-22,-0.2932196790528918
2017-05-23,-1.103516395596009
2017-05-24,-0.08452796043950979
2017-05-25,-0.4849015088618801
2017-05-26,0.2947254069298034
2017-05-27,0.01729480907842603
2017-05-28,0.33396074143570825
2017-05-29,-0.37140270632164923
2017-05-30,-2.3206224088514555
2017-05-31,0.054926663746231875
2017-06-01,-0.3003355268262535
2017-06-02,0.8608060220510537
2017-06-03,-0.8705918713943296
2017-06-04,0.3962788342079579
2017-06-05,-0.8537981745465428
2017-06-06,1.6747091476482627
2017-06-07,-2.4887821014560814
2017-06-08,1.3406442753829881
2017-06-09,-0.8487817214480321
2017-06-10,-1.4963648019225946
2017-06-11,-0.05078052231460866
2017-06-12,-0.08233271770985202
2017-06-13,0.13228200503376192
2017-06-14,-0.31650361036052355
2017-06-15,-0.4803365897441206
2017-06-16,-1.3777587347477434
2017-06-17,0.6683435661586767
2017-06-18,-0.09544633592529632
2017-06-19,0.971314686798755
2017-06-20,-0.9311533109956427
2017-06-21,0.23821799831254334
2017-06-22,0.32243180845524677
2017-06-23,-0.7159413776696323
2017-06-24,0.7979798667488239
2017-06-25,-0.5094253904468077
2017-06-26,1.3358200932064146
2017-06-27,0.9617003283894138
2017-06-28,5.784687196615214
2017-06-29,1.4157656491092945
2017-06-30,-0.5186475122331154
2017-07-01,0.5563643033862055
2017-07-02,-1.5163063665376908
2017-07-03,0.07496567140166166
2017-07-04,0.26884615569884845
2017-07-05,0.8999894278776792
2017-07-06,-0.7860181738459494
2017-07-07,0.38069671992354975
2017-07-08,0.8934948161170125
2017-07-09,-0.39200622965470855
2017-07-10,-0.26622974089618867
2017-07-11,-1.296034598618189
2017-07-12,-0.3669586703215356
2017-07-13,-0.12486184382619629
2017-07-14,0.706672186481255
2017-07-15,-0.48811033995612685
2017-07-16,-0.2783161479019286
2017-07-17,0.030099659567882964
2017-07-18,1.16618691157937
2017-07-19,0.730905545143253
2017-07-20,0.1384261652936376
2017-07-21,0.6035674655954393
2017-07-22,-1.7593799011596076
2017-07-23,0.03758158213505414
2017-07-24,0.33944963054430194
2017-07-25,0.41686133344411613
2017-07-26,-1.6762429914980763
2017-07-27,0.7041133434426011
2017-07-28,-0.5543441210723379
2017-07-29,-0.8302315566962595
2017-07-30,0.49336404726619454
2017-07-31,0.8251042986345927
2017-08-01,-1.3322031141261033
2017-08-02,-0.991545606850223
2017-08-03,-0.6319942303215147
2017-08-04,-0.6667409462232492
2017-08-05,0.9432663009783885
2017-08-06,0.8187866945901444
2017-08-07,0.7085290863266394
2017-08-08,0.11301503125064075
2017-08-09,1.6570974760807984
2017-08-10,-0.5250743605906044
2017-08-11,0.17479296417295062
2017-08-12,-1.2307807135655744
2017-08-13,-0.20041098817731287
2017-08-14,0.4486981912760548
2017-08-15,-0.6414229504646517
2017-08-16,-1.1281848837802926
2017-08-17,-0.714967009817992
2017-08-18,0.3698981672291087
2017-08-19,0.3383204209848218
2017-08-20,-0.47483409946913924
2017-08-21,-0.3140194680084364
2017-08-22,0.20683516699392548
2017-08-23,-0.9407172805965015
2017-08-24,-0.2654903563198479
2017-08-25,-0.5596365094302392
2017-08-26,-0.6375586308376516
2017-08-27,0.9097070208391662
2017-08-28,-0.7761838985871468
2017-08-29,-0.6603506308460554
2017-08-30,0.38139801143186947
2017-08-31,-1.611023162705958
2017-09-01,1.2161354031615277
2017-09-02,-0.19839864034406363
2017-09-03,-0.2645691645292863
2017-09-04,-0.17727027166045392
2017-09-05,-0.9481991691415979
2017-09-06,-0.4975470530192251
2017-09-07,-0.23042299675909117
2017-09-08,0.0019942289095903065
2017-09-09,2.871980008129334
2017-09-10,-1.225119569316531
2017-09-11,1.6050708135921394
2017-09-12,-1.3921759670547136
2017-09-13,-0.6020225683864026
2017-09-14,1.4354937738497007
2017-09-15,0.3147632954142353
2017-09-16,-0.8221958541712259
2017-09-17,0.18475834009610256
2017-09-18,-0.12824180376970845
2017-09-19,-1.5153644864492202
2017-09-20,0.1233345233065273
2017-09-21,-0.8621787386542519
2017-09-22,-0.24821767707961026
2017-09-23,-0.3222321253773196
2017-09-24,-0.2737691406727777
2017-09-25,1.43173756856267
2017-09-26,-0.9728654867507607
2017-09-27,-0.6760624642525139
2017-09-28,-0.7829036146476981
2017-09-29,-0.7332252259775185
2017-09-30,-0.5122590944437244
2017-10-01,-0.9471621428182617
2017-10-02,-0.21057159203454937
2017-10-03,-0.11149009435608373
2017-10-04,-0.3747169737320356
2017-10-05,0.2707228753659518
2017-10-06,-0.9238724216684489
2017-10-07,0.848322818222644
2017-10-08,-1.3527269118198664
2017-10-09,-0.4150071151848706
2017-10-10,-0.6583040796916966
2017-10-11,-0.11015220848189373
2017-10-12,-0.7569906688615007
2017-10-13,-0.21414166344228563
2017-10-14,-0.7506646990066217
2017-10-15,0.9396121549841816
2017-10-16,-0.03725956674745849
2017-10-17,0.27827602022082926
2017-10-18,0.14344658627254547
2017-10-19,-0.4283225276954373
2017-10-20,-0.7536299846901128
2017-10-21,1.1566893441342392
2017-10-22,-0.7968774838770207
2017-10-23,-0.42755703470345013
2017-10-24,-0.08892702659149078
2017-10-25,-1.6846298940896707
2017-10-26,0.5872190588640263
2017-10-27,0.19427916037758902
2017-10-28,-0.6185155746220273
2017-10-29,-0.22819409241723412
2017-10-30,-0.46755342327999677
2017-10-31,0.16133128551254786
2017-11-01,0.011482236777344664
2017-11-02,0.28552521472222714
2017-11-03,-1.197655414572505
2017-11-04,0.694621973280029
2017-11-05,0.9471927669086551
2017-11-06,2.0076568179558905
2017-11-07,-1.1081377924320839
2017-11-08,0.08974599267713737
2017-11-09,1.0999959927922351
2017-11-10,-0.684754541861262
2017-11-11,-0.9114649688081538
2017-11-12,0.5570464145801397
2017-11-13,1.7648546346237903
2017-11-14,-1.3547758891468016
2017-11-15,-0.8937047254909724
2017-11-16,-1.506876019356142
2017-11-17,-1.2462235124953225
2017-11-18,-0.3704660962857619
2017-11-19,-0.5221993949701125
2017-11-20,-0.2154820860170739
2017-11-21,-0.7859681724769775
2017-11-22,0.41158219720746375
2017-11-23,0.27899887241480065
2017-11-24,-0.04952263803118436
2017-11-25,0.2937071492234624
2017-11-26,-0.40092013220738004
2017-11-27,-1.671181996402638
2017-11-28,0.8571286527728378
2017-11-29,-0.2087268128990823
2017-11-30,0.4407361831730617
2017-12-01,1.5497733756640704
2017-12-02,1.122331229473799
2017-12-03,-0.920706969070243
2017-12-04,-0.4091477670086779
2017-12-05,-0.7060985261864106
2017-12-06,-0.04684892611831864
2017-12-07,-1.2633365517736623
2017-12-08,0.06395081047900225
2017-12-09,-0.8408071106581229
2017-12-10,3.862581374956988
2017-12-11,1.4093888290041507
2017-12-12,-1.6599802668287458
2017-12-13,1.5998000238763501
2017-12-14,0.5097571802281246
2017-12-15,0.7295894017007447
2017-12-16,-0.6312577366044593
2017-12-17,-0.37107375247203656
2017-12-18,0.004286971175579187
2017-12-19,-0.06881773989839504
2017-12-20,-1.2124858591341967
2017-12-21,-0.672827042829161
2017-12-22,-0.81694080010314
2017-12-23,0.234403412017767
2017-12-24,-0.3680922802477653
2017-12-25,0.39769201602742127
2017-12-26,1.7777721281605368
2017-12-27,2.5391317653155525
2017-12-28,-0.1351323172677661
2017-12-29,0.00823911859264089
2017-12-30,0.48030222255151495
2017-12-31,0.32838845027849906
2018-01-01,1.2962418822694755
2018-01-02,-0.1417636830232242
2018-01-03,0.38039870944174614
2018-01-04,0.7876519037689007
2018-01-05,0.7991399344039398
2018-01-06,-0.8309097407010956
2018-01-07,-0.6806996626875058
2018-01-08,-1.039336560698883
2018-01-09,0.8180456343229078
2018-01-10,0.8533935356544703
2018-01-11,0.7638533528443504
2018-01-12,-2.1842535011002537
2018-01-13,0.09174984863263526
2018-01-14,-0.7728616565664194
2018-01-15,0.30554225215566055
2018-01-16,0.819101772030766
2018-01-17,0.22915182771338574
2018-01-18,-0.7810319337579689
2018-01-19,-1.897695954879775
2018-01-20,0.9214957748416928
2018-01-21,0.054841923740992275
2018-01-22,-0.7881307831460844
2018-01-23,-1.3576611018329408
2018-01-24,-0.7802693218431034
2018-01-25,0.1701495667435013
2018-01-26,1.4611290242765513
2018-01-27,-0.13402148995447963
2018-01-28,0.8732151518977282
2018-01-29,-1.2511653786222126
2018-01-30,-0.5009175449339498
2018-01-31,-0.47452990745532503
2018-02-01,0.04902296954574487
2018-02-02,0.5417315636846931
2018-02-03,0.05578959731575789
2018-02-04,-0.09914192096167165
2018-02-05,-1.0243807570213679
2018-02-06,0.08075429273463942
2018-02-07,-0.31946756275651156
2018-02-08,-0.4809842887272522
2018-02-09,-1.0231542825746578
2018-02-10,0.6795851747098367
2018-02-11,-0.07279563492898147
2018-02-12,-0.118950592622469
2018-02-13,0.9645885185831438
2018-02-14,0.14789678768381234
2018-02-15,-2.0928560363386164
2018-02-16,-1.0100835790891414
2018-02-17,-0.07327480450195302
2018-02-18,-1.1407745542174266
2018-02-19,0.04053984006972563
2018-02-20,1.1733971940653452
2018-02-21,0.5265446224202298
2018-02-22,-1.7336831193728264
2018-02-23,-0.47967115363468577
2018-02-24,-1.3674923081837695
2018-02-25,-0.9322980790983405
2018-02-26,0.5300288856918528
2018-02-27,0.28886470082125437
2018-02-28,1.121581779142695
2018-03-01,2.105827783623428
2018-03-02,0.7255504048718705
2018-03-03,1.1567684247542491
2018-03-04,-0.9220702101400964
2018-03-05,1.3329202222054555
2018-03-06,0.4746661471432715
2018-03-07,-0.6123794195674593
2018-03-08,-0.11794622594858771
2018-03-09,0.8695697530574085
2018-03-10,0.9077539197352277
2018-03-11,2.300287165674033
2018-03-12,0.8758939706754583
2018-03-13,-1.6451426383863608
2018-03-14,1.717494986802516
2018-03-15,1.026089190666748
2018-03-16,-0.33774110765859455
2018-03-17,1.0819275930729342
2018-03-18,-0.42039807138197166
2018-03-19,1.2597768566467846
2018-03-20,0.6461242826334813
2018-03-21,0.0008372166638565625
2018-03-22,-0.6446255216703782
2018-03-23,1.0191180408714193
2018-03-24,2.7629094093010824
2018-03-25,-1.1941875149893866
2018-03-26,0.17558717980273852
2018-03-27,-1.1822354439556968
2018-03-28,0.2710093424553545
2018-03-29,0.776367569290921
2018-03-30,2.2369082699909644
2018-03-31,1.4009620399640235
2018-04-01,-1.8059308778744154
2018-04-02,0.46548539952977597
2018-04-03,0.7903590016169737
2018-04-04,1.8296558039271291
2018-04-05,-2.088632779688043
2018-04-06,1.0362625020544558
2018-04-07,-0.17880094592905352
2018-04-08,0.7082518271887853
2018-04-09,1.0773186131919832
2018-04-10,0.6522577957745719
2018-04-11,2.2028729585849445
2018-04-12,-0.6290259862443516
2018-04-13,-0.2960056339793823
2018-04-14,-1.0296043430798205
2018-04-15,0.9470378811778096
2018-04-16,-0.21897766971148117
2018-04-17,-1.0315353852008238
2018-04-18,0.051381100927771935
2018-04-19,0.9962725940747474
2018-04-20,0.3911042009157645
2018-04-21,-0.6955530545445775
2018-04-22,-0.5217874551176213
2018-04-23,-0.5369229978654826
2018-04-24,-0.1711498663750331
2018-04-25,-0.3510608426607701
2018-04-26,0.00596500548877449
2018-04-27,0.8434113658794437
2018-04-28,0.20477583348399767
2018-04-29,2.69710647879985
2018-04-30,-0.9328123110149837
2018-05-01,-0.7864093042517443
2018-05-02,-0.3887564168913711
2018-05-03,-0.10482632400781852
2018-05-04,0.12327812232957375
2018-05-05,-1.52138023723486
2018-05-06,0.39776828784082635
2018-05-07,-1.0872763085810508
2018-05-08,-0.5854296813973714
2018-05-09,0.477858726168383
2018-05-10,-0.05491261860806073
2018-05-11,0.4971758794301909
2018-05-12,1.024406211187819
2018-05-13,0.6675222706986459
2018-05-14,-0.14368613455479431
2018-05-15,0.31458369670429953
2018-05-16,-1.251776284949944
2018-05-17,-0.14567042145462314
2018-05-18,-0.38024662358185923
2018-05-19,-0.23705952211194617
2018-05-20,-0.2646667807293608
2018-05-21,-0.5893160117115531
2018-05-22,-2.340104283342884
2018-05-23,0.2610414906339015
2018-05-24,1.3857309089724104
2018-05-25,0.8259656509833107
2018-05-26,-1.3250868207386712
2018-05-27,1.0733491604481231
2018-05-28,-2.2516054546692708
2018-05-29,0.8995008230389483
2018-05-30,-1.1787833402941905
2018-05-31,0.14338573367862303
2018-06-01,0.0037475657816299765
2018-06-02,-0.3237526624961677
2018-06-03,1.0826711171208145
2018-06-04,1.097443074939611
2018-06-05,0.9576874399081384
2018-06-06,-0.6333678383883509
2018-06-07,0.0947712993412751
2018-06-08,0.0964178983395058
2018-06-09,-0.07563844950490373
2018-06-10,-0.483567736619649
2018-06-11,2.2950558751017653
2018-06-12,1.2244296156170345
2018-06-13,0.7807879324915106
2018-06-14,-2.047468721715531
2018-06-15,-0.3889877125574972
2018-06-16,-0.42597658544274686
2018-06-17,-0.9128608453696446
2018-06-18,0.8683180247523243
2018-06-19,-0.9240128703949474
2018-06-20,0.0743297814442104
2018-06-21,-0.449113325102645
2018-06-22,0.692056413492742
2018-06-23,-0.6957222425546085
2018-06-24,-0.07418659545622615
2018-06-25,0.5579038848286241
2018-06-26,0.640445181989566
2018-06-27,0.48609016034195535
2018-06-28,-0.8833770945708945
2018-06-29,0.8558999605973447
2018-06-30,0.5458984202000928
2018-07-01,0.5672274745845818
2018-07-02,-0.03132407389521679
2018-07-03,-0.8606763383127919
2018-07-04,1.751994238042323
2018-07-05,-0.7756155529841351
2018-07-06,0.34028303133549437
2018-07-07,-1.4472886978586479
2018-07-08,-0.23046263317928264
2018-07-09,1.282309079411539
2018-07-10,0.390999202392068
2018-07-11,0.7207760728946555
2018-07-12,0.6988898596965419
2018-07-13,-0.5111895539747635
2018-07-14,0.3836445839396726
2018-07-15,1.4041381913939759
2018-07-16,0.9943050852910995
2018-07-17,-1.5579624627854767
2018-07-18,0.9663363517883238
2018-07-19,-0.11914638271056044
2018-07-20,0.39546850182173066
2018-07-21,0.296047844443715
2018-07-22,-0.7293720459260965
2018-07-23,0.1369130103609548
2018-07-24,1.2073796453340513
2018-07-25,-1.3098355596765037
2018-07-26,0.8193100138604066
2018-07-27,0.28726869970437224
2018-07-28,0.740274008905739
2018-07-29,0.3038413920354647
2018-07-30,-1.5764367509825699
2018-07-31,-0.5425314739719697
2018-08-01,-0.9203955272788135
2018-08-02,0.7458056209679783
2018-08-03,-0.5439334913511024
2018-08-04,-0.01079868496955756
2018-08-05,0.017520970248833027
2018-08-06,-0.11420695891117451
2018-08-07,1.6067227863274134
2018-08-08,0.3816642073174954
2018-08-09,0.7828100196038213
2018-08-10,1.1251345108411304
2018-08-11,-1.0592483174694278
2018-08-12,1.1228201911726203
2018-08-13,0.8312578142876691
2018-08-14,-1.0899465295075283
2018-08-15,0.7331033094789844
2018-08-16,-0.7776535904426798
2018-08-17,0.265251123055299
2018-08-18,-0.6364969602462478
2018-08-19,-0.4033943722003857
2018-08-20,-0.09906085599271135
2018-08-21,-0.006999817625191625
2018-08-22,-0.4649903636779514
2018-08-23,-0.663222485354338
2018-08-24,0.4129141360832777
2018-08-25,0.6189044930138787
2018-08-26,-0.7333727508818672
2018-08-27,0.20796324684985004
2018-08-28,1.236497328511717
2018-08-29,-0.1420256013127812
2018-08-30,-0.6146322317843583
2018-08-31,-0.2517920338598492
2018-09-01,-0.47775798880067494
2018-09-02,0.7850866150736491
2018-09-03,0.8566841221589307
2018-09-04,-0.19449788872203283
2018-09-05,0.3129418528492707
2018-09-06,-0.11155742063647264
2018-09-07,-0.16363264694503377
2018-09-08,-0.9469847847723422
2018-09-09,0.08050808158109683
2018-09-10,0.31802930022700115
2018-09-11,0.5729633975408024
2018-09-12,-1.0779687318266844
2018-09-13,-0.03344054041145784
2018-09-14,-0.08324581956799629
2018-09-15,-0.4674024165143464
2018-09-16,-0.3956394628353699
2018-09-17,0.5722325504436369
2018-09-18,-1.1550242977763892
2018-09-19,-0.8292988129714048
2018-09-20,0.8805483229169687
2018-09-21,-0.5693168493330248
2018-09-22,-0.1482586536764862
2018-09-23,-0.6195251001908485
2018-09-24,0.8768993423720831
2018-09-25,0.4975560494867473
2018-09-26,2.042147143885431
2018-09-27,-0.8025619403411398
2018-09-28,-0.6804635056548426
2018-09-29,-0.48148588718243424
2018-09-30,0.2562690684831728
2018-10-01,0.6225923603078858
2018-10-02,0.37440246662259247
2018-10-03,-0.7328798081965004
2018-10-04,-0.31869458292189745
2018-10-05,-0.08322870410596693
2018-10-06,1.090060723935931
2018-10-07,1.0092222099332773
2018-10-08,-0.5462236085731889
2018-10-09,0.9896195601979277
2018-10-10,-0.03932018945347815
2018-10-11,0.9902196756316254
2018-10-12,-0.6364785612086148
2018-10-13,0.5844880870900889
2018-10-14,3.196064422519984
2018-10-15,-0.41318311539811914
2018-10-16,-1.494191760511019
2018-10-17,0.6056443997051935
2018-10-18,0.28615841414733145
2018-10-19,1.014600922274446
2018-10-20,0.19813680665927602
2018-10-21,-0.30324023583739645
2018-10-22,0.3072130427409974
2018-10-23,-1.5903884035243865
2018-10-24,0.08497627462044872
2018-10-25,-1.0015808933006483
2018-10-26,-0.21563459329199766
2018-10-27,1.3292031233877468
2018-10-28,0.5018963890272768
2018-10-29,3.3436875939845847
2018-10-30,-0.2536358706678971
2018-10-31,0.6166610684343615
2018-11-01,-1.6236933727002472
2018-11-02,-0.011306355709073094
2018-11-03,-1.0797603897477772
2018-11-04,0.531805292156299
2018-11-05,1.9044309134405226
2018-11-06,1.0642121920964405
2018-11-07,0.5722681394796407
2018-11-08,-0.02426323663663837
2018-11-09,1.0721688925728061
2018-11-10,0.9791276506476899
2018-11-11,0.06446193328533799
2018-11-12,-1.1703731124476089
2018-11-13,0.21705845802820278
2018-11-14,0.27875073583489657
2018-11-15,-0.20875926087283397
2018-11-16,0.5999089874514681
2018-11-17,-0.5251015306502744
2018-11-18,1.818728395242086
2018-11-19,0.6764823245977826
2018-11-20,0.6209198446236097
2018-11-21,0.2843319956112441
2018-11-22,-1.151415402387027
2018-11-23,0.6247256691730309
2018-11-24,-0.37607032128863416
2018-11-25,2.2039103412250816
2018-11-26,0.7882803040530151
2018-11-27,-1.01237708257438
2018-11-28,0.44029802004464047
2018-11-29,-0.06484849600688868
2018-11-30,0.5800867145696295
2018-12-01,-0.41329778736990486
2018-12-02,0.03644576866758078
2018-12-03,0.5473020579026732
2018-12-04,-0.568551406227508
2018-12-05,-0.3659717206377587
2018-12-06,0.23159213518785574
2018-12-07,0.3030920646949584
2018-12-08,-0.23217130829518282
2018-12-09,0.8831191672197187
2018-12-10,-0.6109522912082159
2018-12-11,-0.3849488787886707
2018-12-12,0.18860418067504195
2018-12-13,2.809470587428076
2018-12-14,-0.28156752660327133
2018-12-15,0.13962542568342465
2018-12-16,0.9716791748679172
2018-12-17,-0.285931144458185
2018-12-18,0.32053246703054594
2018-12-19,0.6633038543739683
2018-12-20,-0.874885929615958
2018-12-21,1.3583452939936345
2018-12-22,-0.7518136305386639
2018-12-23,-0.39484078309366455
2018-12-24,-0.36520841945600085
2018-12-25,-1.1304535648626615
2018-12-26,-0.35456940083726357
2018-12-27,-0.7853123663543773
2018-12-28,0.33523957906472157
2018-12-29,1.0058335912919052
2018-12-30,0.4332349187450286
2018-12-31,-0.1049202629936468
