date,h_t
2014-12-31,0.6088083314609173
2015-01-01,0.5939332388533752
2015-01-02,0.5775266336197279
2015-01-03,0.5739598264337605
2015-01-04,0.5616736962317694
2015-01-05,0.5717908160596831
2015-01-06,0.5701616189479675
2015-01-07,0.580906224200681
2015-01-08,0.5640555801419179
2015-01-09,0.5474044382311204
2015-01-10,0.5337372875036469
2015-01-11,0.5249730050404263
2015-01-12,0.5100414938333003
2015-01-13,0.5081578679957313
2015-01-14,0.5132621866269722
2015-01-15,0.50863013821197
2015-01-16,0.5545376096684427
2015-01-17,0.5392699294066332
2015-01-18,0.5435194896304666
2015-01-19,0.5492132613643081
2015-01-20,0.5389162472741957
2015-01-21,0.5859330858635068
2015-01-22,0.6379392334270262
2015-01-23,0.6198757657137951
2015-01-24,0.6240244250442014
2015-01-25,0.6127529964169148
2015-01-26,0.5950990443049231
2015-01-27,0.6777910964254842
2015-01-28,0.6613673019478232
2015-01-29,0.6733886413741382
2015-01-30,0.8056713462030258
2015-01-31,0.915089512788464
2015-02-01,0.8936404079558476
2015-02-02,0.861498369105165
2015-02-03,0.8352133791282176
2015-02-04,0.8109085526666429
2015-02-05,0.7994036104273995
2015-02-06,0.7752606298029486
2015-02-07,0.765096876436295
2015-02-08,0.8134844722645427
2015-02-09,0.7993492127362017
2015-02-10,0.7750267821971172
2015-02-11,0.7481964459880432
2015-02-12,0.7379291172032737
2015-02-13,0.7894850882009932
2015-02-14,0.8299578436040321
2015-02-15,0.835914007854397
2015-02-16,0.8099747609634949
2015-02-17,0.7873230505123145
2015-02-18,0.8638283566069829
2015-02-19,0.8376565479397582
2015-02-20,0.8180646105236833
2015-02-21,0.8038214085376496
2015-02-22,0.8329547467382432
2015-02-23,0.8040115697219746
2015-02-24,0.7941955372294766
2015-02-25,0.7996690110965299
2015-02-26,0.7718446259279262
2015-02-27,0.7478218257253064
2015-02-28,0.722291646276246
2015-03-01,0.8099437703625085
2015-03-02,0.7818526092760195
2015-03-03,0.8066516944943107
2015-03-04,0.7875001970997663
2015-03-05,0.8137808191672279
2015-03-06,0.7927640358799709
2015-03-07,0.7716715297443751
2015-03-08,0.7744290417854989
2015-03-09,0.7914640590432038
2015-03-10,0.7755829782134165
2015-03-11,0.7849154556575049
2015-03-12,0.7748338634812654
2015-03-13,0.7481815979923845
2015-03-14,0.7226312999008511
2015-03-15,0.7006754125403053
2015-03-16,0.7207700989296942
2015-03-17,0.721721348169797
2015-03-18,0.7372434976433624
2015-03-19,0.726921721197375
2015-03-20,0.7318888361969212
2015-03-21,0.7435606577674186
2015-03-22,0.7188716436226341
2015-03-23,0.6948681651929943
2015-03-24,0.6750447805567679
2015-03-25,0.6796559510643491
2015-03-26,0.6789158028486759
2015-03-27,0.6680142165598394
2015-03-28,0.659131529012304
2015-03-29,0.7035398819750349
2015-03-30,0.6815528120561332
2015-03-31,0.6592870512591357
2015-04-01,0.6911138478564206
2015-04-02,0.6687955155704096
2015-04-03,0.7281219023791453
2015-04-04,0.7069437306847381
2015-04-05,0.6842792574416983
2015-04-06,0.6654092006795409
2015-04-07,0.6671303165790318
2015-04-08,0.6669471271496674
2015-04-09,0.6556982896336678
2015-04-10,0.6789176815259427
2015-04-11,0.6908889023744894
2015-04-12,0.6698782091410822
2015-04-13,0.6494613468801534
2015-04-14,0.6341787920280362
2015-04-15,0.6585865425303005
2015-04-16,0.6418788018217219
2015-04-17,0.6282116328309132
2015-04-18,0.632750319807664
2015-04-19,0.6127726302419215
2015-04-20,0.6019241940541268
2015-04-21,0.6023530873404488
2015-04-22,0.6429633907758714
2015-04-23,0.6357383777596405
2015-04-24,0.7435397321023498
2015-04-25,0.7350022913305476
2015-04-26,0.7331303320158234
2015-04-27,0.7431116709193119
2015-04-28,0.7267692222412256
2015-04-29,0.7788523356690399
2015-04-30,0.7782976095161139
2015-05-01,0.7540703689080046
2015-05-02,0.7975242198049323
2015-05-03,0.7904933081486158
2015-05-04,0.7636932124084921
2015-05-05,0.8441825261435301
2015-05-06,0.8147489774449832
2015-05-07,0.9509182662727271
2015-05-08,0.9275096851725656
2015-05-09,0.9059124671569065
2015-05-10,0.9782957637482127
2015-05-11,0.9532570733105755
2015-05-12,0.9676475426161861
2015-05-13,0.9979919616658716
2015-05-14,0.9899007491596234
2015-05-15,1.0862233960763068
2015-05-16,1.0601448476380004
2015-05-17,1.0244953289366232
2015-05-18,0.9952383827338371
2015-05-19,0.9579481083196093
2015-05-20,0.9487331053423647
2015-05-21,0.914402688945984
2015-05-22,0.8813297866480045
2015-05-23,0.8494946922871873
2015-05-24,0.8224505792754524
2015-05-25,0.7937653678593786
2015-05-26,0.7660456205957942
2015-05-27,0.7519807108574118
2015-05-28,0.726431526078204
2015-05-29,0.7022563949633428
2015-05-30,0.679459549618463
2015-05-31,0.6956742734126617
2015-06-01,0.7008966690075631
2015-06-02,0.7025976174848767
2015-06-03,0.7129432024355743
2015-06-04,0.7056858470935712
2015-06-05,0.7164258686782361
2015-06-06,0.69242780068416
2015-06-07,0.6754373127489799
2015-06-08,0.6637759143659867
2015-06-09,0.6424616265867027
2015-06-10,0.6228848524505008
2015-06-11,0.6068524956781975
2015-06-12,0.6283972879780663
2015-06-13,0.6085928152913862
2015-06-14,0.6068981169665099
2015-06-15,0.6277801547816009
2015-06-16,0.6229938414314775
2015-06-17,0.6361967266335997
2015-06-18,0.6229116574921717
2015-06-19,0.6383041473596378
2015-06-20,0.621155213498578
2015-06-21,0.6348405226182802
2015-06-22,0.6154708371656231
2015-06-23,0.6161621935762616
2015-06-24,0.6544938875659949
2015-06-25,0.6572579252309666
2015-06-26,0.6378295068124535
2015-06-27,0.6326872436756101
2015-06-28,0.6494222761412932
2015-06-29,0.6420319465677924
2015-06-30,0.6264367092356398
2015-07-01,0.6978658748435105
2015-07-02,0.6748407731498678
2015-07-03,0.681440936675895
2015-07-04,0.6997755513125145
2015-07-05,0.7401820398034086
2015-07-06,0.7150126126134743
2015-07-07,0.7062429377192753
2015-07-08,0.7098511081010008
2015-07-09,0.6993643562194555
2015-07-10,0.7535011244953678
2015-07-11,0.8022860443691875
2015-07-12,0.892014063690448
2015-07-13,0.8603227142526623
2015-07-14,0.8389397315409686
2015-07-15,0.8154512680885253
2015-07-16,0.7931272725412879
2015-07-17,0.7663216409346066
2015-07-18,0.7399109146393476
2015-07-19,0.7194335033516588
2015-07-20,0.7060249113825279
2015-07-21,0.6947919523877891
2015-07-22,0.6725877448691902
2015-07-23,0.6553450807163606
2015-07-24,0.6391644365648779
2015-07-25,0.6233030365034476
2015-07-26,0.6036908805590891
2015-07-27,0.5940698121706911
2015-07-28,0.5762677562338693
2015-07-29,0.5830649901286086
2015-07-30,0.5912780726682341
2015-07-31,0.5771591321598231
2015-08-01,0.5862049022201876
2015-08-02,0.6433291536701676
2015-08-03,0.6563117327613763
2015-08-04,0.638321907625288
2015-08-05,0.6332160471594357
2015-08-06,0.6233388927607467
2015-08-07,0.6188650494690585
2015-08-08,0.6222626888538108
2015-08-09,0.6064060859290036
2015-08-10,0.5879185442881585
2015-08-11,0.5730574678105353
2015-08-12,0.5692172483018169
2015-08-13,0.5546222909087799
2015-08-14,0.7137728055693913
2015-08-15,0.689905733431043
2015-08-16,0.6826063004616383
2015-08-17,0.6701981886407792
2015-08-18,0.6490770490493235
2015-08-19,0.6317473056186884
2015-08-20,0.6124895138919552
2015-08-21,0.598030470798235
2015-08-22,0.5835912291928566
2015-08-23,0.5747159242590837
2015-08-24,0.7323246928511085
2015-08-25,0.7327503555223942
2015-08-26,0.7803015386640695
2015-08-27,0.7797861375245152
2015-08-28,0.7540284070815867
2015-08-29,0.7603562592385745
2015-08-30,0.7352179076206448
2015-08-31,0.7103029929412613
2015-09-01,0.6951137946162997
2015-09-02,0.6722934405393408
2015-09-03,0.6515000980650203
2015-09-04,0.6841902962838808
2015-09-05,0.6630041110706862
2015-09-06,0.6415543088117449
2015-09-07,0.6233110149758341
2015-09-08,0.6044027073178712
2015-09-09,0.5967395805487392
2015-09-10,0.5827772127670738
2015-09-11,0.5664390231537553
2015-09-12,0.5497598688793391
2015-09-13,0.5342767190738787
2015-09-14,0.6681088150150107
2015-09-15,0.6481580374367122
2015-09-16,0.6455157761328376
2015-09-17,0.8182075815773115
2015-09-18,0.7917008507338738
2015-09-19,0.7758522790651794
2015-09-20,0.7489852208583287
2015-09-21,0.7322947096626744
2015-09-22,0.7075669054177796
2015-09-23,0.717159178826257
2015-09-24,0.6938295870322907
2015-09-25,0.6709006722614792
2015-09-26,0.6589885773377322
2015-09-27,0.6454593946823459
2015-09-28,0.6250071295794268
2015-09-29,0.6120225396206613
2015-09-30,0.6011400023160642
2015-10-01,0.585905275689856
2015-10-02,0.5684419672798084
2015-10-03,0.5524901757175421
2015-10-04,0.537195636642978
2015-10-05,0.5220457353271938
2015-10-06,0.6698532282911922
2015-10-07,0.6942492881493858
2015-10-08,0.7440318050601448
2015-10-09,0.7191264462411971
2015-10-10,0.7039349416812969
2015-10-11,0.6973474711147607
2015-10-12,0.6742175479204024
2015-10-13,0.65317671790351
2015-10-14,0.632214586870097
2015-10-15,0.6126900492661047
2015-10-16,0.5944086666646531
2015-10-17,0.5768175840230598
2015-10-18,0.5594822695507519
2015-10-19,0.5474168917766389
2015-10-20,0.5413242932220572
2015-10-21,0.5271303803801615
2015-10-22,0.5157910980051847
2015-10-23,0.5013614696271452
2015-10-24,0.49448105107174317
2015-10-25,0.5203007307339403
2015-10-26,0.5110272436551113
2015-10-27,0.5000347670144621
2015-10-28,0.5106271563843412
2015-10-29,0.5446163921305536
2015-10-30,0.5352451629273254
2015-10-31,0.519854085436762
2015-11-01,0.5073846605929018
2015-11-02,0.6016217674367602
2015-11-03,0.618001655334908
2015-11-04,0.6158994514188761
2015-11-05,0.5977011688417446
2015-11-06,0.6086024331822678
2015-11-07,0.5905254354563059
2015-11-08,0.5736385410160626
2015-11-09,0.5623387304793809
2015-11-10,0.554071126320822
2015-11-11,0.5386821768932715
2015-11-12,0.5869206409639849
2015-11-13,0.570634968827928
2015-11-14,0.5571806658724396
2015-11-15,0.5547153449054184
2015-11-16,0.5458978666693363
2015-11-17,0.5333674848454666
2015-11-18,0.5193695495201657
2015-11-19,0.5047626937166817
2015-11-20,0.4950272525553259
2015-11-21,0.5047509018730859
2015-11-22,0.6437890360545135
2015-11-23,0.6364399177760759
2015-11-24,0.6183651759969011
2015-11-25,0.6171304949356585
2015-11-26,0.6572827944977484
2015-11-27,0.6533098832984415
2015-11-28,0.6323266104678185
2015-11-29,0.6145190545229833
2015-11-30,0.5961196162770283
2015-12-01,0.5888468184779342
2015-12-02,0.5788258252107065
2015-12-03,0.5682215137657323
2015-12-04,0.5512492302397987
2015-12-05,0.5530096270154252
2015-12-06,0.5379372758897343
2015-12-07,0.5230838221289439
2015-12-08,0.5092586392472669
2015-12-09,0.5104058745048589
2015-12-10,0.5290707890665917
2015-12-11,0.5337560035698242
2015-12-12,0.5207180746662736
2015-12-13,0.5119925741377178
2015-12-14,0.49952216721326653
2015-12-15,0.4946666138966145
2015-12-16,0.4838230848564485
2015-12-17,0.47237970388440315
2015-12-18,0.4662293574579134
2015-12-19,0.47481490508281465
2015-12-20,0.46256764658194577
2015-12-21,0.46596541322536517
2015-12-22,0.45392896776472064
2015-12-23,0.4456497298053658
2015-12-24,0.46390613370083844
2015-12-25,0.4532340086329104
2015-12-26,0.4421195343453006
2015-12-27,0.4403671228928724
2015-12-28,0.4312214608009238
2015-12-29,0.4215530027627376
2015-12-30,0.41707315868012557
2015-12-31,0.41593488264909967
2016-01-01,0.4102982209112835
2016-01-02,0.41015452663327123
2016-01-03,0.40357557538858113
2016-01-04,0.44560560680911643
2016-01-05,0.47530615959171424
2016-01-06,0.4627853919890054
2016-01-07,0.496451740940702
2016-01-08,0.5096960751046657
2016-01-09,0.5007216724941616
2016-01-10,0.4938722531396157
2016-01-11,0.5457575326913837
2016-01-12,0.5435764816906243
2016-01-13,0.5294971807914761
2016-01-14,0.5264636618803995
2016-01-15,0.5121128904787882
2016-01-16,0.5047177640118663
2016-01-17,0.4998302480204718
2016-01-18,0.5089413198554951
2016-01-19,0.5136099644058526
2016-01-20,0.5393302772664644
2016-01-21,0.5396713153014565
2016-01-22,0.5317232997607687
2016-01-23,0.5265520704149522
2016-01-24,0.5232882107657246
2016-01-25,0.5084589186557951
2016-01-26,0.5091171054240177
2016-01-27,0.5020513003243203
2016-01-28,0.49278283614385493
2016-01-29,0.48980876706338233
2016-01-30,0.48745346802456324
2016-01-31,0.47442247900856177
2016-02-01,0.4628775046874319
2016-02-02,0.4562918242724644
2016-02-03,0.4878799465682727
2016-02-04,0.5260671415481795
2016-02-05,0.5132400151386631
2016-02-06,0.4999429383456346
2016-02-07,0.4883361492418301
2016-02-08,0.5309032141743153
2016-02-09,0.5207456255534361
2016-02-10,0.5961491955437791
2016-02-11,0.5824590365253003
2016-02-12,0.5648752755867484
2016-02-13,0.586438139871119
2016-02-14,0.5813945897967974
2016-02-15,0.5952245299803015
2016-02-16,0.579697134365178
2016-02-17,0.5714747465436085
2016-02-18,0.5543286460451715
2016-02-19,0.5425764450938888
2016-02-20,0.5335583987517658
2016-02-21,0.5183404461471616
2016-02-22,0.5071184411383719
2016-02-23,0.5108908146713339
2016-02-24,0.5048449166896847
2016-02-25,0.5193542305177942
2016-02-26,0.5066841027089323
2016-02-27,0.5026278207279121
2016-02-28,0.5937210395047691
2016-02-29,0.5762756944201414
2016-03-01,0.5866624258836681
2016-03-02,0.6930761519666568
2016-03-03,0.7229864146153201
2016-03-04,0.7261254715791885
2016-03-05,0.7461939533123526
2016-03-06,0.7372063559238226
2016-03-07,0.7224589637004489
2016-03-08,0.7114202263537162
2016-03-09,0.6893095517854158
2016-03-10,0.6961790979711207
2016-03-11,0.6814868738499481
2016-03-12,0.6917595314869965
2016-03-13,0.6784663583364827
2016-03-14,0.65623210897153
2016-03-15,0.6422177737732717
2016-03-16,0.6311159406812454
2016-03-17,0.6138334683848765
2016-03-18,0.6103073360216468
2016-03-19,0.594750842467548
2016-03-20,0.5785343961796218
2016-03-21,0.5754058624186068
2016-03-22,0.5668862985582899
2016-03-23,0.5646749530995872
2016-03-24,0.548068311381694
2016-03-25,0.5516022000177013
2016-03-26,0.5383238940196423
2016-03-27,0.5457008064753069
2016-03-28,0.5391963054620932
2016-03-29,0.536884148096987
2016-03-30,0.5239389578750092
2016-03-31,0.5262966694593902
2016-04-01,0.7153910021111408
2016-04-02,0.7622139428413218
2016-04-03,0.736788016175605
2016-04-04,0.7160764700223577
2016-04-05,0.6920558172913596
2016-04-06,0.6982884846188753
2016-04-07,0.7195527591870995
2016-04-08,0.6992820320143137
2016-04-09,0.7023998730904447
2016-04-10,0.6853670058208654
2016-04-11,0.7217310567332897
2016-04-12,0.7009707371092646
2016-04-13,0.6785590233063983
2016-04-14,0.6924932692608615
2016-04-15,0.6867654403870357
2016-04-16,0.6653575204728005
2016-04-17,0.6995198497496814
2016-04-18,0.68012867481426
2016-04-19,0.6635912995717608
2016-04-20,0.650353222242782
2016-04-21,0.6679719721200401
2016-04-22,0.6760412905748934
2016-04-23,0.7131157676187677
2016-04-24,0.6938944018429198
2016-04-25,0.6806524542107816
2016-04-26,0.6615972194229428
2016-04-27,0.6456826466989605
2016-04-28,0.6323177390129745
2016-04-29,0.6155741592297784
2016-04-30,0.6348920832289244
2016-05-01,0.6827392380460766
2016-05-02,0.7054108669708193
2016-05-03,0.6838073435280407
2016-05-04,0.6615317099187086
2016-05-05,0.6581742822420021
2016-05-06,0.6369959253139669
2016-05-07,0.7231104855892818
2016-05-08,0.7002906174444955
2016-05-09,0.8026304329637414
2016-05-10,0.7756343447804244
2016-05-11,0.7499128357703322
2016-05-12,0.7396755377138695
2016-05-13,0.7503266520104859
2016-05-14,0.7264948483384142
2016-05-15,0.7019732580069529
2016-05-16,0.7450854143961537
2016-05-17,0.7313212236639608
2016-05-18,0.7074254157685623
2016-05-19,0.741347350915902
2016-05-20,0.7248615560078161
2016-05-21,0.7148919108939067
2016-05-22,0.7423947057518109
2016-05-23,0.8193986149694175
2016-05-24,0.8108002761533372
2016-05-25,0.7969858089803645
2016-05-26,0.77563888005126
2016-05-27,0.7507801160628415
2016-05-28,0.7258192181160381
2016-05-29,0.7836408180651785
2016-05-30,0.8769534728713031
2016-05-31,0.8829638600947151
2016-06-01,0.880344198858646
2016-06-02,0.8502457947857279
2016-06-03,0.933888027757821
2016-06-04,1.0675420872526138
2016-06-05,1.1997670536800658
2016-06-06,1.1719973878254129
2016-06-07,1.1263365913680314
2016-06-08,1.1129342115248275
2016-06-09,1.1635882517129843
2016-06-10,1.1424324779245758
2016-06-11,1.104529434515735
2016-06-12,1.0765945298593593
2016-06-13,1.1583759752911698
2016-06-14,1.2443535868662736
2016-06-15,1.1986500219959633
2016-06-16,1.248660522331316
2016-06-17,1.1996150548622873
2016-06-18,1.177715171623234
2016-06-19,1.1433566766760461
2016-06-20,1.112886952542518
2016-06-21,1.1372085440733313
2016-06-22,1.1038753871935223
2016-06-23,1.0701320960152763
2016-06-24,1.0303965333891267
2016-06-25,1.031526020537563
2016-06-26,0.9925070271899377
2016-06-27,0.9667836750331225
2016-06-28,0.9547970550209646
2016-06-29,0.9485727558258062
2016-06-30,0.9153876721505855
2016-07-01,0.8835704654471495
2016-07-02,0.8614515516928586
2016-07-03,0.8551381045400969
2016-07-04,0.8549479855321591
2016-07-05,0.8243279915683778
2016-07-06,0.795538475026199
2016-07-07,0.7780610205969273
2016-07-08,0.7538137066043211
2016-07-09,0.7771372205275683
2016-07-10,0.7515824729635734
2016-07-11,0.7493546511166435
2016-07-12,0.7249998654302183
2016-07-13,0.7157790941804744
2016-07-14,0.7023286465199541
2016-07-15,0.6804854931108973
2016-07-16,0.6673428861170736
2016-07-17,0.6788699515159061
2016-07-18,0.6596311798905826
2016-07-19,0.6451836423241966
2016-07-20,0.8874529483398641
2016-07-21,0.8589076850037705
2016-07-22,0.8464526057644857
2016-07-23,0.8781367265389123
2016-07-24,0.846506475118768
2016-07-25,0.8166403254319223
2016-07-26,0.7883909675391699
2016-07-27,0.7636547430602825
2016-07-28,0.7410079597047181
2016-07-29,0.7319529238743385
2016-07-30,0.7157060724042612
2016-07-31,0.709299270775444
2016-08-01,0.6904492307054438
2016-08-02,0.6688474575164597
2016-08-03,0.6486619580801116
2016-08-04,0.6313711104417151
2016-08-05,0.6396160014079748
2016-08-06,0.6192557908905172
2016-08-07,0.6235952369720521
2016-08-08,0.6149046618632819
2016-08-09,0.6377364156187096
2016-08-10,0.6693414768096393
2016-08-11,0.6522362022958144
2016-08-12,0.631247723882912
2016-08-13,0.6275191162483563
2016-08-14,0.6323741992452395
2016-08-15,0.652597253919914
2016-08-16,0.634634871309602
2016-08-17,0.6184923718890176
2016-08-18,0.6020190977319632
2016-08-19,0.6249234791192642
2016-08-20,0.6077458282423716
2016-08-21,0.5992803347188121
2016-08-22,0.5914630866627333
2016-08-23,0.5842492535168401
2016-08-24,0.5683421560478539
2016-08-25,0.5526178218297887
2016-08-26,0.5382472156249328
2016-08-27,0.5263921117586986
2016-08-28,0.532227562471903
2016-08-29,0.5174060777442775
2016-08-30,0.503727466786891
2016-08-31,0.5141790589878658
2016-09-01,0.5152498937279222
2016-09-02,0.5025723812179549
2016-09-03,0.49242985400465544
2016-09-04,0.4817834699263611
2016-09-05,0.47084269946715684
2016-09-06,0.4719403136773068
2016-09-07,0.4599041808840721
2016-09-08,0.4926731156283093
2016-09-09,0.4943115926309937
2016-09-10,0.4855662677853268
2016-09-11,0.4757975483442816
2016-09-12,0.46714406884324944
2016-09-13,0.4593017625124817
2016-09-14,0.5024537621478408
2016-09-15,0.502642002873705
2016-09-16,0.4955212413332151
2016-09-17,0.4882840729300246
2016-09-18,0.48430803368649983
2016-09-19,0.4785549052358642
2016-09-20,0.4993913683659655
2016-09-21,0.4887601723975276
2016-09-22,0.48630869376360736
2016-09-23,0.48384666764891515
2016-09-24,0.4953910635801353
2016-09-25,0.48216605603383966
2016-09-26,0.5287773269396195
2016-09-27,0.5143636575288072
2016-09-28,0.503142204996342
2016-09-29,0.5015982466864407
2016-09-30,0.4888060913095323
2016-10-01,0.49786454442683215
2016-10-02,0.48615055882007124
2016-10-03,0.486368742486481
2016-10-04,0.48397212703612397
2016-10-05,0.47771960637751715
2016-10-06,0.4686913275969496
2016-10-07,0.4646986335164136
2016-10-08,0.4592280937291927
2016-10-09,0.4474606370876735
2016-10-10,0.44565701288900966
2016-10-11,0.4668361339972034
2016-10-12,0.48220103883685994
2016-10-13,0.47883517872502707
2016-10-14,0.47539149077381226
2016-10-15,0.47505272745150706
2016-10-16,0.4628365627368266
2016-10-17,0.4659628110107139
2016-10-18,0.4881721558623932
2016-10-19,0.47502357703814985
2016-10-20,0.4685204194836479
2016-10-21,0.4600611885340571
2016-10-22,0.4484450388224299
2016-10-23,0.4566986570552592
2016-10-24,0.45204833161433117
2016-10-25,0.44089231197841383
2016-10-26,0.4322696302977665
2016-10-27,0.44236117430509597
2016-10-28,0.4323423943357731
2016-10-29,0.4348797864865558
2016-10-30,0.43188005275813335
2016-10-31,0.4417312540750304
2016-11-01,0.44556638706861235
2016-11-02,0.440673635114591
2016-11-03,0.45581447767342476
2016-11-04,0.4442543145558444
2016-11-05,0.43316899625923216
2016-11-06,0.5459001521397763
2016-11-07,0.530020957052844
2016-11-08,0.5183289010987591
2016-11-09,0.5348746246144206
2016-11-10,0.5771666380497719
2016-11-11,0.5953419865567344
2016-11-12,0.5842750592785674
2016-11-13,0.6009161167911254
2016-11-14,0.5824977916693804
2016-11-15,0.5863081889369312
2016-11-16,0.5700451448099291
2016-11-17,0.5541985422700854
2016-11-18,0.5752828083698166
2016-11-19,0.5588197195257163
2016-11-20,0.5438323597324258
2016-11-21,0.6201454943045706
2016-11-22,0.6210522607435552
2016-11-23,0.6873554146675946
2016-11-24,0.701342040332847
2016-11-25,0.6784432653491688
2016-11-26,0.6590076395353718
2016-11-27,0.6424704686432863
2016-11-28,0.6229241727815699
2016-11-29,0.6167288157556577
2016-11-30,0.598215842758925
2016-12-01,0.6214436189478255
2016-12-02,0.6432839773191693
2016-12-03,0.634217430933151
2016-12-04,0.6141208174030993
2016-12-05,0.6258761607296803
2016-12-06,0.6129308089600982
2016-12-07,0.6330119725820025
2016-12-08,0.6130172441324749
2016-12-09,0.6303438105214734
2016-12-10,0.6156044306807112
2016-12-11,0.6279059452991432
2016-12-12,0.6337814300879924
2016-12-13,0.6366544231171843
2016-12-14,0.618961515611462
2016-12-15,0.6017317028300753
2016-12-16,0.5925792303642627
2016-12-17,0.5779875665582874
2016-12-18,0.6256518519463007
2016-12-19,0.6096161868738033
2016-12-20,0.5914480328157459
2016-12-21,0.5940761745223566
2016-12-22,0.5849123021845041
2016-12-23,0.5800730887576043
2016-12-24,0.5778008546278647
2016-12-25,0.5622182977354514
2016-12-26,0.5455418897339375
2016-12-27,0.613592267518927
2016-12-28,0.5948225145517739
2016-12-29,0.5767903665616136
2016-12-30,0.5595645742791654
2016-12-31,0.546816275142031
2017-01-01,0.562076163905512
2017-01-02,0.5466653275178823
2017-01-03,0.5314892643637131
2017-01-04,0.5697414677456539
2017-01-05,0.5531636496592292
2017-01-06,0.5568636167339
2017-01-07,0.5493285833394453
2017-01-08,0.5394416043037316
2017-01-09,0.5370035417582688
2017-01-10,0.5288714567225865
2017-01-11,0.5374360756591163
2017-01-12,0.5428264250362859
2017-01-13,0.5518447598339072
2017-01-14,0.6020393251223763
2017-01-15,0.5835670891980029
2017-01-16,0.5744068526478887
2017-01-17,0.5660133192431731
2017-01-18,0.5515210304036677
2017-01-19,0.5435811333757784
2017-01-20,0.5451671506911611
2017-01-21,0.5306700880554245
2017-01-22,0.5158728044656912
2017-01-23,0.5102100844077523
2017-01-24,0.5121366670541373
2017-01-25,0.5241948949036728
2017-01-26,0.5126135846728207
2017-01-27,0.501820419500974
2017-01-28,0.5028196326577712
2017-01-29,0.5066358958225248
2017-01-30,0.5091195866271823
2017-01-31,0.5031306585685129
2017-02-01,0.4991425653374092
2017-02-02,0.4858152460506294
2017-02-03,0.5126608213023521
2017-02-04,0.5317086232630759
2017-02-05,0.5481506864207415
2017-02-06,0.6158447263092659
2017-02-07,0.6227993957992202
2017-02-08,0.6034043235642753
2017-02-09,0.6055401084911387
2017-02-10,0.6385709956403652
2017-02-11,0.6258084877959761
2017-02-12,0.6102974238278912
2017-02-13,0.6182557176414607
2017-02-14,0.6166437839540303
2017-02-15,0.674961975945179
2017-02-16,0.6530670242546287
2017-02-17,0.6607489044493142
2017-02-18,0.669052816996998
2017-02-19,0.6584409440671508
2017-02-20,0.6479024085417728
2017-02-21,0.638545435090669
2017-02-22,0.6297349387600631
2017-02-23,0.6306877393561484
2017-02-24,0.6162096188909366
2017-02-25,0.612175646629848
2017-02-26,0.6171064054055544
2017-02-27,0.6080717109384735
2017-02-28,0.6621941765082757
2017-03-01,0.6607073220079096
2017-03-02,0.7007873180936797
2017-03-03,0.725199012602325
2017-03-04,0.7716849151989199
2017-03-05,0.7714735383914912
2017-03-06,0.7465961977554216
2017-03-07,0.7495466671951669
2017-03-08,0.7432490937445295
2017-03-09,0.756078213199018
2017-03-10,0.7400892975947339
2017-03-11,0.7530613927855231
2017-03-12,0.728072564148543
2017-03-13,0.7451407488197539
2017-03-14,0.7694663538976221
2017-03-15,0.7430929047832876
2017-03-16,0.7619386474919959
2017-03-17,0.7358473784738869
2017-03-18,0.7295562825934321
2017-03-19,0.7258675775019447
2017-03-20,0.7398021227406374
2017-03-21,0.7149521907298626
2017-03-22,0.6912453137422372
2017-03-23,0.6957047391243001
2017-03-24,0.6726482403226786
2017-03-25,0.6842990003817824
2017-03-26,0.6856029712074605
2017-03-27,0.6630266334792193
2017-03-28,0.6491374992763912
2017-03-29,0.7059220832032382
2017-03-30,0.6911697022517832
2017-03-31,0.6683423114383817
2017-04-01,0.6476434302843284
2017-04-02,0.6377009676863978
2017-04-03,0.634372230057595
2017-04-04,0.627104291761171
2017-04-05,0.6100415330628874
2017-04-06,0.5911106381657868
2017-04-07,0.5740973180922696
2017-04-08,0.5579640311433283
2017-04-09,0.5414806911414808
2017-04-10,0.527830258858451
2017-04-11,0.5135929475134194
2017-04-12,0.5212827757103635
2017-04-13,0.5219261655708546
2017-04-14,0.5107069719195582
2017-04-15,0.512355645752365
2017-04-16,0.5004797181881412
2017-04-17,0.5000711714892739
2017-04-18,0.5045872233782583
2017-04-19,0.49592226397666817
2017-04-20,0.4857634415728875
2017-04-21,0.5282284208472714
2017-04-22,0.5142291548278082
2017-04-23,0.5000823059195508
2017-04-24,0.5948969005963993
2017-04-25,0.5818261682155937
2017-04-26,0.5644737726207569
2017-04-27,0.5477386303142671
2017-04-28,0.5322799082437478
2017-04-29,0.5201422482108213
2017-04-30,0.5056361407421818
2017-05-01,0.6193796034998444
2017-05-02,0.7533424263019385
2017-05-03,0.7295548502081214
2017-05-04,0.7594479912916345
2017-05-05,0.7339857944237411
2017-05-06,0.8454089737668561
2017-05-07,0.8187775753866197
2017-05-08,0.8342265429022157
2017-05-09,0.8057221774140273
2017-05-10,0.7892502143139598
2017-05-11,0.7851858238566756
2017-05-12,0.8949385980866131
2017-05-13,0.867969227121262
2017-05-14,0.8367339786279917
2017-05-15,0.8989204159272773
2017-05-16,0.8739023219233149
2017-05-17,0.8522801259590388
2017-05-18,0.8394352640031779
2017-05-19,0.9026593452407139
2017-05-20,0.8753063400085591
2017-05-21,0.8439226891615026
2017-05-22,0.8214376735437587
2017-05-23,0.794591329202083
2017-05-24,0.7968740685094219
2017-05-25,0.7691802849922477
2017-05-26,0.7482430286657694
2017-05-27,0.7247043839845988
2017-05-28,0.700274309761103
2017-05-29,0.6794249426471751
2017-05-30,0.6600525269343133
2017-05-31,0.7490625399045355
2017-06-01,0.723536965898004
2017-06-02,0.7011821778319529
2017-06-03,0.6939972717004717
2017-06-04,0.6873540138500098
2017-06-05,0.6680458790886931
2017-06-06,0.661425929195552
2017-06-07,0.6976003884067034
2017-06-08,0.8086205536548661
2017-06-09,0.8253182934374738
2017-06-10,0.8145564232239256
2017-06-11,0.842476635826726
2017-06-12,0.8125037894002584
2017-06-13,0.7840605842133235
2017-06-14,0.7572256728890507
2017-06-15,0.7335968503700014
2017-06-16,0.7139924651491747
2017-06-17,0.7321483022953167
2017-06-18,0.7175119757809084
2017-06-19,0.6936203408930331
2017-06-20,0.690981762609589
2017-06-21,0.6867521273980547
2017-06-22,0.6653311409117844
2017-06-23,0.6458669933074579
2017-06-24,0.6354605231755327
2017-06-25,0.6278341790750266
2017-06-26,0.6130654634772355
2017-06-27,0.6279082838550475
2017-06-28,0.6261088809105041
2017-06-29,1.25690632896178
2017-06-30,1.2853740219883332
2017-07-01,1.2449970160747736
2017-07-02,1.2077712774380358
2017-07-03,1.246573980062288
2017-07-04,1.1975246168829266
2017-07-05,1.1532790156391448
2017-07-06,1.1374562065550435
2017-07-07,1.1152016265886413
2017-07-08,1.0772038649593794
2017-07-09,1.062697741459997
2017-07-10,1.0272501514485841
2017-07-11,0.9906792597856019
2017-07-12,1.0052569323758465
2017-07-13,0.9716748699042855
2017-07-14,0.9359578105927825
2017-07-15,0.9159828112250006
2017-07-16,0.889221408238346
2017-07-17,0.8590957485938118
2017-07-18,0.8282888915792268
2017-07-19,0.8339007988304434
2017-07-20,0.8181011139443302
2017-07-21,0.7897073314658083
2017-07-22,0.771110477230385
2017-07-23,0.8185800708347042
2017-07-24,0.7897126442751329
2017-07-25,0.7650082463121146
2017-07-26,0.7427815934167057
2017-07-27,0.7822886564359216
2017-07-28,0.7671546000494311
2017-07-29,0.7480180050912106
2017-07-30,0.7384814316590116
2017-07-31,0.7189705006206191
2017-08-01,0.7100048176309657
2017-08-02,0.7253936958783548
2017-08-03,0.7230685831474304
2017-08-04,0.7076771253205599
2017-08-05,0.693818692705695
2017-08-06,0.6900195922073902
2017-08-07,0.681596862396195
2017-08-08,0.6698355975159298
2017-08-09,0.6482750482095339
2017-08-10,0.6827488118657021
2017-08-11,0.6661530073258343
2017-08-12,0.6451339822147379
2017-08-13,0.6548274109499717
2017-08-14,0.6345319400539378
2017-08-15,0.6183521517787898
2017-08-16,0.6068748400241841
2017-08-17,0.6120285104750076
2017-08-18,0.6026669914208848
2017-08-19,0.586597017894994
2017-08-20,0.5708160287618913
2017-08-21,0.5576972856330875
2017-08-22,0.5429140960846082
2017-08-23,0.5278478931560581
2017-08-24,0.5272815338168898
2017-08-25,0.5133919315693513
2017-08-26,0.50400179171767
2017-08-27,0.4964270134096018
2017-08-28,0.4956077473151806
2017-08-29,0.4913423081956221
2017-08-30,0.48466138911078055
2017-08-31,0.4738346934888017
2017-09-01,0.49951940444666404
2017-09-02,0.5087361325544264
2017-09-03,0.4951966813241737
2017-09-04,0.48275591891233727
2017-09-05,0.4703018519825251
2017-09-06,0.4710986122873574
2017-09-07,0.4623492916666475
2017-09-08,0.45115733881158643
2017-09-09,0.439735710631721
2017-09-10,0.541478892709384
2017-09-11,0.5509948882474678
2017-09-12,0.5788990532375218
2017-09-13,0.5962378859419434
2017-09-14,0.5846232322616669
2017-09-15,0.6042576997990945
2017-09-16,0.5874105427478824
2017-09-17,0.5818359331958535
2017-09-18,0.5648133816615296
2017-09-19,0.5482724695874088
2017-09-20,0.57132296878247
2017-09-21,0.5544537598372382
2017-09-22,0.5509148642399772
2017-09-23,0.5358007487564158
2017-09-24,0.5220792659227468
2017-09-25,0.5084981687128395
2017-09-26,0.5267137906492425
2017-09-27,0.5271763373837177
2017-09-28,0.5196193653112352
2017-09-29,0.5148296854610263
2017-09-30,0.5089727173765718
2017-10-01,0.4989472904082236
2017-10-02,0.49915036454194683
2017-10-03,0.48613243851929483
2017-10-04,0.4732342972939886
2017-10-05,0.46282545022256766
2017-10-06,0.4519018634044701
2017-10-07,0.45242138578044533
2017-10-08,0.4510491119050137
2017-10-09,0.46526033387540294
2017-10-10,0.4556557753419631
2017-10-11,0.4501514150093196
2017-10-12,0.4389471864731265
2017-10-13,0.43591660857094194
2017-10-14,0.4258407512796954
2017-10-15,0.4230744557043863
2017-10-16,0.42458686187797595
2017-10-17,0.4144476796742572
2017-10-18,0.4057691321967451
2017-10-19,0.39676623240864206
2017-10-20,0.3901926082018589
2017-10-21,0.38855273450183064
2017-10-22,0.39625144576331695
2017-10-23,0.39525518217253475
2017-10-24,0.3887368038915325
2017-10-25,0.38038048562389587
2017-10-26,0.4058455070938894
2017-10-27,0.40092509680967126
2017-10-28,0.3923632923858501
2017-10-29,0.38839972968374237
2017-10-30,0.3805919882190801
2017-10-31,0.37511112183966183
2017-11-01,0.36761080240113453
2017-11-02,0.3601656920526985
2017-11-03,0.3539850206323906
2017-11-04,0.36295247628797334
2017-11-05,0.3611651755897279
2017-11-06,0.36408642188214846
2017-11-07,0.4023744408912166
2017-11-08,0.40861588927985587
2017-11-09,0.39932047990126796
2017-11-10,0.40536787666590157
2017-11-11,0.40202663003429495
2017-11-12,0.40331307870176053
2017-11-13,0.3980536809774028
2017-11-14,0.4276555443127401
2017-11-15,0.4417242987837759
2017-11-16,0.4417062667880316
2017-11-17,0.46187687307851544
2017-11-18,0.472218464923457
2017-11-19,0.46180707505398766
2017-11-20,0.4537888938738216
2017-11-21,0.4428962514218655
2017-11-22,0.4403629167484476
2017-11-23,0.4317710981861759
2017-11-24,0.42231537220192045
2017-11-25,0.4122981226185909
2017-11-26,0.40382967548231796
2017-11-27,0.396675288122264
2017-11-28,0.4222450740485022
2017-11-29,0.42183115686168104
2017-11-30,0.4123754254273192
2017-12-01,0.40528618413110223
2017-12-02,0.4262718954057591
2017-12-03,0.43270652979622615
2017-12-04,0.4335521701386891
2017-12-05,0.4252216796139479
2017-12-06,0.4216168188973461
2017-12-07,0.4116293794076847
2017-12-08,0.42248749902045696
2017-12-09,0.412483550515661
2017-12-10,0.4119564598803417
2017-12-11,0.5932415400577603
2017-12-12,0.6116493901263304
2017-12-13,0.644924550795583
2017-12-14,0.6755351246390834
2017-12-15,0.6588883087639339
2017-12-16,0.6484731600561133
2017-12-17,0.6356870169948072
2017-12-18,0.6182034581107787
2017-12-19,0.5988342237165957
2017-12-20,0.5804742662359352
2017-12-21,0.5893971737073628
2017-12-22,0.5796829519451546
2017-12-23,0.5741587683119102
2017-12-24,0.5578643370789055
2017-12-25,0.5437126059922331
2017-12-26,0.5305573392111882
2017-12-27,0.567423490938362
2017-12-28,0.6640610635434285
2017-12-29,0.642886137239057
2017-12-30,0.622343525590123
2017-12-31,0.607234812006174
2018-01-01,0.5904203911390911
2018-01-02,0.6031761885842888
2018-01-03,0.5848979775472747
2018-01-04,0.5697410309385554
2018-01-05,0.5636524474039117
2018-01-06,0.5580553045022796
2018-01-07,0.553510824323611
2018-01-08,0.5451827486882074
2018-01-09,0.5475735174982941
2018-01-10,0.5429423883574018
2018-01-11,0.5394314092733594
2018-01-12,0.5335826080867142
2018-01-13,0.5972841752372674
2018-01-14,0.5790660285100776
2018-01-15,0.5722984121608291
2018-01-16,0.5567718890361077
2018-01-17,0.551924133105874
2018-01-18,0.5366079527127101
2018-01-19,0.5312845246246555
2018-01-20,0.57545873454612
2018-01-21,0.573295760190845
2018-01-22,0.5561163797139398
2018-01-23,0.5504266166283008
2018-01-24,0.5657845553184861
2018-01-25,0.5596046489824164
2018-01-26,0.5435261882451703
2018-01-27,0.5637396651373706
2018-01-28,0.5472758242587386
2018-01-29,0.5442382328043063
2018-01-30,0.554841456285144
2018-01-31,0.5428094031678453
2018-02-01,0.5308222526150326
2018-02-02,0.5156497950868213
2018-02-03,0.5058584473067378
2018-02-04,0.4918830221098673
2018-02-05,0.4786737685719977
2018-02-06,0.48153944245807867
2018-02-07,0.4687697111617599
2018-02-08,0.4579955701941238
2018-02-09,0.44953848138943586
2018-02-10,0.45280602180802504
2018-02-11,0.4477992102393902
2018-02-12,0.4366109849142326
2018-02-13,0.4260732236013247
2018-02-14,0.4281543634136521
2018-02-15,0.41811793355946736
2018-02-16,0.4651330983691048
2018-02-17,0.467781739473676
2018-02-18,0.4556470680744964
2018-02-19,0.46242350244551994
2018-02-20,0.45048938242017106
2018-02-21,0.4583588080705398
2018-02-22,0.4505403517752226
2018-02-23,0.4811954705664112
2018-02-24,0.47178235697653215
2018-02-25,0.48677351268516633
2018-02-26,0.48679444957975565
2018-02-27,0.47792348925431655
2018-02-28,0.46646656177149914
2018-03-01,0.47253650121692686
2018-03-02,0.5251626351093689
2018-03-03,0.518803960481649
2018-03-04,0.5257194363344405
2018-03-05,0.5246288464815917
2018-03-06,0.5386533505970794
2018-03-07,0.5268370455603787
2018-03-08,0.5179491575435808
2018-03-09,0.5035733080375154
2018-03-10,0.5014810017576192
2018-03-11,0.5004958672545478
2018-03-12,0.5689568551167541
2018-03-13,0.5654837970379513
2018-03-14,0.5961444618212862
2018-03-15,0.6324264740624707
2018-03-16,0.6330552279492538
2018-03-17,0.6152212152372578
2018-03-18,0.6183546735377438
2018-03-19,0.6023712175938748
2018-03-20,0.6134386091069273
2018-03-21,0.6022476075278881
2018-03-22,0.5836371984052894
2018-03-23,0.5734427537051049
2018-03-24,0.5746957626937566
2018-03-25,0.6936152621404768
2018-03-26,0.7013712118061763
2018-03-27,0.6787160070470574
2018-03-28,0.685922525774028
2018-03-29,0.6648951907420615
2018-03-30,0.6557478943458124
2018-03-31,0.7364745140882338
2018-04-01,0.7563601883352978
2018-04-02,0.8070116971489066
2018-04-03,0.7840882674199224
2018-04-04,0.77203431667005
2018-04-05,0.8255950154457683
2018-04-06,0.9081877745461535
2018-04-07,0.9053027978062029
2018-04-08,0.8731719531684793
2018-04-09,0.8552712824420728
2018-04-10,0.8554440733760481
2018-04-11,0.8360872666905087
2018-04-12,0.9323296322763402
2018-04-13,0.9094686273096542
2018-04-14,0.8787152171718466
2018-04-15,0.8758745178530719
2018-04-16,0.8686369320094234
2018-04-17,0.8386452620387214
2018-04-18,0.8364957557259922
2018-04-19,0.8068085889178668
2018-04-20,0.8033306215245828
2018-04-21,0.778968301469152
2018-04-22,0.7636513104319272
2018-04-23,0.7438172281210496
2018-04-24,0.7251292499444545
2018-04-25,0.7013317610540234
2018-04-26,0.6806908330691256
2018-04-27,0.6583489051473843
2018-04-28,0.6516104762834474
2018-04-29,0.6314998354764843
2018-04-30,0.7541358428305756
2018-05-01,0.7486740441605532
2018-05-02,0.7374733967666924
2018-05-03,0.7158897860059297
2018-05-04,0.6921166322779863
2018-05-05,0.6695569243498924
2018-05-06,0.6958644205827645
2018-05-07,0.6762184198680146
2018-05-08,0.6789103373707216
2018-05-09,0.6638772144438905
2018-05-10,0.6470416099253238
2018-05-11,0.6263605114907299
2018-05-12,0.6114102269472264
2018-05-13,0.6122863448499981
2018-05-14,0.6016696378954068
2018-05-15,0.5834724190917794
2018-05-16,0.5675482164936384
2018-05-17,0.578202338904922
2018-05-18,0.56111693733259
2018-05-19,0.5469826053535866
2018-05-20,0.5319560955477027
2018-05-21,0.5178471006589316
2018-05-22,0.5088366240363632
2018-05-23,0.5811903672346056
2018-05-24,0.5648115430814351
2018-05-25,0.5816588662791572
2018-05-26,0.5763494027423283
2018-05-27,0.5903937138235812
2018-05-28,0.5934671116161886
2018-05-29,0.6686961513527547
2018-05-30,0.663723748526904
2018-05-31,0.6708249721402696
2018-06-01,0.6493799412920765
2018-06-02,0.6285272884291428
2018-06-03,0.6107120868158733
2018-06-04,0.6139267135816988
2018-06-05,0.6177192962804288
2018-06-06,0.6159643413191813
2018-06-07,0.6043737395586861
2018-06-08,0.5858307067235473
2018-06-09,0.568170489813386
2018-06-10,0.5512823583794817
2018-06-11,0.5390995367492579
2018-06-12,0.6116638743211412
2018-06-13,0.6210793361801088
2018-06-14,0.6133294637246639
2018-06-15,0.6740270612622885
2018-06-16,0.6551682007887322
2018-06-17,0.6377312616638328
2018-06-18,0.6339336769907321
2018-06-19,0.6286568238594442
2018-06-20,0.6254560589859826
2018-06-21,0.605848696979522
2018-06-22,0.5908613333195543
2018-06-23,0.5815795471466069
2018-06-24,0.5726932163596232
2018-06-25,0.5555868330403201
2018-06-26,0.5445660298766838
2018-06-27,0.535635595934977
2018-06-28,0.5241243051823533
2018-06-29,0.5219306074087704
2018-06-30,0.5190136333353771
2018-07-01,0.5091659256184116
2018-07-02,0.5000709950696794
2018-07-03,0.4863372790787606
2018-07-04,0.4844279964776866
2018-07-05,0.5175934527534208
2018-07-06,0.5126790579416012
2018-07-07,0.500173512022496
2018-07-08,0.5189506914300042
2018-07-09,0.5051593032041304
2018-07-10,0.5169599735992398
2018-07-11,0.5048614632470143
2018-07-12,0.4990286171154501
2018-07-13,0.4928977543256614
2018-07-14,0.48348942955125335
2018-07-15,0.4727390036561649
2018-07-16,0.48923109071025866
2018-07-17,0.4910161607179334
2018-07-18,0.5147043810190794
2018-07-19,0.5151830404858543
2018-07-20,0.5009421573095392
2018-07-21,0.48958439696073597
2018-07-22,0.4776667370023413
2018-07-23,0.4728739910527257
2018-07-24,0.4606942820333241
2018-07-25,0.46967176581711867
2018-07-26,0.4823895969278699
2018-07-27,0.47953642150303405
2018-07-28,0.46799323986581387
2018-07-29,0.46373378240402885
2018-07-30,0.45304304137558915
2018-07-31,0.47649064242379907
2018-08-01,0.4682184482766094
2018-08-02,0.4683008516346535
2018-08-03,0.46415152482317745
2018-08-04,0.4563755960182892
2018-08-05,0.444707284627338
2018-08-06,0.43359672741844474
2018-08-07,0.42318616683851107
2018-08-08,0.44701720226945657
2018-08-09,0.4378143740605883
2018-08-10,0.43535800175576506
2018-08-11,0.44180086932738954
2018-08-12,0.44621613004636723
2018-08-13,0.4524971022290769
2018-08-14,0.4507202104060583
2018-08-15,0.4559451768757109
2018-08-16,0.45190437484821616
2018-08-17,0.44893280333891483
2018-08-18,0.4385977198283961
2018-08-19,0.4332908977215975
2018-08-20,0.42490858523589553
2018-08-21,0.4148652624081833
2018-08-22,0.4051709538603634
2018-08-23,0.3986574096533299
2018-08-24,0.395178461132479
2018-08-25,0.38851228632115264
2018-08-26,0.38469201177587165
2018-08-27,0.3828570381864841
2018-08-28,0.3751991548109219
2018-08-29,0.3852035757371335
2018-08-30,0.37716117488642525
2018-08-31,0.3736842534471954
2018-09-01,0.36668429183433765
2018-09-02,0.36188057025247583
2018-09-03,0.361632345837793
2018-09-04,0.3627110907099899
2018-09-05,0.35592364592309444
2018-09-06,0.3501154024337802
2018-09-07,0.3436364952791343
2018-09-08,0.3376162528867424
2018-09-09,0.34099778997057584
2018-09-10,0.33488602510073806
2018-09-11,0.33004813948325573
2018-09-12,0.32775304367265606
2018-09-13,0.33402848914415234
2018-09-14,0.3281912883479506
2018-09-15,0.32269083641417046
2018-09-16,0.3195704184633974
2018-09-17,0.31596273873534475
2018-09-18,0.3141860237976163
2018-09-19,0.3222960542919724
2018-09-20,0.32388793182755
2018-09-21,0.32631933149158393
2018-09-22,0.32412143465547394
2018-09-23,0.31896521908067
2018-09-24,0.31763437724519694
2018-09-25,0.3201495106022843
2018-09-26,0.3174220139284545
2018-09-27,0.3534667221100179
2018-09-28,0.3537623000358434
2018-09-29,0.35206071711856546
2018-09-30,0.347888220988863
2018-10-01,0.3420894004430054
2018-10-02,0.3399743815762859
2018-10-03,0.3353224381755481
2018-10-04,0.3350044277137555
2018-10-05,0.33016568675565755
2018-10-06,0.32457169036181316
2018-10-07,0.33114791974354785
2018-10-08,0.33590895900775
2018-10-09,0.33308261305428094
2018-10-10,0.3374075479904388
2018-10-11,0.3314141739385172
2018-10-12,0.3357799825327882
2018-10-13,0.334071508008536
2018-10-14,0.3317643646127246
2018-10-15,0.43125031306143485
2018-10-16,0.42306181285408057
2018-10-17,0.44230492580630204
2018-10-18,0.4363420317666817
2018-10-19,0.4267346938544475
2018-10-20,0.4301150356912438
2018-10-21,0.4202188274618643
2018-10-22,0.411468988738472
2018-10-23,0.40314146182295413
2018-10-24,0.4256657481123691
2018-10-25,0.41555237108404935
2018-10-26,0.41876861475911753
2018-10-27,0.4094925700788562
2018-10-28,0.42251767919466054
2018-10-29,0.4157634013570693
2018-10-30,0.5503582314020585
2018-10-31,0.5353160020018165
2018-11-01,0.5262108920787669
2018-11-02,0.5542941286247451
2018-11-03,0.5379674897004133
2018-11-04,0.5418904503969469
2018-11-05,0.5309104120827343
2018-11-06,0.5754827216183122
2018-11-07,0.5783831731581667
2018-11-08,0.5667896067773269
2018-11-09,0.5498766047769402
2018-11-10,0.5533851383061604
2018-11-11,0.5535725451566003
2018-11-12,0.5373494629517578
2018-11-13,0.5446813496170304
2018-11-14,0.5296067019162479
2018-11-15,0.5157302362976486
2018-11-16,0.5019341120862608
2018-11-17,0.493705495942387
2018-11-18,0.48448630000639303
2018-11-19,0.5212392347715044
2018-11-20,0.513889676926053
2018-11-21,0.5056351196743427
2018-11-22,0.49289070568489685
2018-11-23,0.4997733461405483
2018-11-24,0.49209500872568224
2018-11-25,0.48088654161439315
2018-11-26,0.5405769101311454
2018-11-27,0.5353307486663713
2018-11-28,0.5369403923069627
2018-11-29,0.5246693376043315
2018-11-30,0.5098185289843089
2018-12-01,0.5009326178482629
2018-12-02,0.48979955137579045
2018-12-03,0.4765595072491201
2018-12-04,0.4683615994307818
2018-12-05,0.4608223199294912
2018-12-06,0.4508572242353306
2018-12-07,0.4402006694519565
2018-12-08,0.4305559374076277
2018-12-09,0.4208350809549871
2018-12-10,0.4210471085939526
2018-12-11,0.41593795188208665
2018-12-12,0.408105794899521
2018-12-13,0.3991832209182974
2018-12-14,0.4880679554587128
2018-12-15,0.47609156502085237
2018-12-16,0.4637717279068454
2018-12-17,0.465346031873761
2018-12-18,0.45443057703291706
2018-12-19,0.4443028552810766
2018-12-20,0.43927704926964367
2018-12-21,0.4388607961172603
2018-12-22,0.4531669710519045
2018-12-23,0.44960292987425665
2018-12-24,0.4404316079724083
2018-12-25,0.43134425181123953
2018-12-26,0.43798100797706613
2018-12-27,0.42889595919736273
2018-12-28,0.42674648000803433
2018-12-29,0.41797542209394994
2018-12-30,0.4212626485069767
2018-12-31,0.41371841095370904
