date,sigma2_total
2014-12-31,0.13628174499752632
2015-01-01,0.13294469474726284
2015-01-02,0.1292510972135736
2015-01-03,0.12841776422543918
2015-01-04,0.1256208155464884
2015-01-05,0.12782067574033376
2015-01-06,0.127379864746538
2015-01-07,0.12968809758649455
2015-01-08,0.12582288408756018
2015-01-09,0.12199498970986225
2015-01-10,0.11882543088784578
2015-01-11,0.11673985475579747
2015-01-12,0.11327656532311883
2015-01-13,0.11270354384186726
2015-01-14,0.11366700253607502
2015-01-15,0.11246184433696232
2015-01-16,0.12240346874685325
2015-01-17,0.11881739802861804
2015-01-18,0.11952298760382798
2015-01-19,0.1205288589828833
2015-01-20,0.1180146961957989
2015-01-21,0.1280202106822805
2015-01-22,0.1390516905075269
2015-01-23,0.1347778838055465
2015-01-24,0.1353265353003677
2015-01-25,0.13252090967213606
2015-01-26,0.12833815726087724
2015-01-27,0.1457403372001702
2015-01-28,0.14177300991218544
2015-01-29,0.14389075702382412
2015-01-30,0.171589381315849
2015-01-31,0.19422731900584525
2015-02-01,0.1890046120872785
2015-02-02,0.18154123817443626
2015-02-03,0.17533862839762618
2015-02-04,0.16957397444413466
2015-02-05,0.16649765722719467
2015-02-06,0.16080209942756873
2015-02-07,0.15801901196067342
2015-02-08,0.16727759302186818
2015-02-09,0.16363153196306454
2015-02-10,0.15791927096244515
2015-02-11,0.15172870245446912
2015-02-12,0.14891752434752678
2015-02-13,0.15852551913231658
2015-02-14,0.16579829660837828
2015-02-15,0.16611113384399837
2015-02-16,0.16009055238823114
2015-02-17,0.15475612927060653
2015-02-18,0.16883646290387744
2015-02-19,0.16277642652530894
2015-02-20,0.15803100684920598
2015-02-21,0.15434248809760912
2015-02-22,0.15894988011777103
2015-02-23,0.15245974701824708
2015-02-24,0.14962881952128582
2015-02-25,0.14966952169544662
2015-02-26,0.14349218215641027
2015-02-27,0.13807379407260156
2015-02-28,0.13242791851401758
2015-03-01,0.14743964918428284
2015-03-02,0.1412911406217471
2015-03-03,0.14469196472649265
2015-03-04,0.1401892099425304
2015-03-05,0.1437519276779107
2015-03-06,0.13894046751740574
2015-03-07,0.13416266411577246
2015-03-08,0.1335458845261327
2015-03-09,0.1353519647392177
2015-03-10,0.13151655680325386
2015-03-11,0.13195554329559872
2015-03-12,0.1291217020097581
2015-03-13,0.12357093795929754
2015-03-14,0.11827066160889188
2015-03-15,0.1136213166846466
2015-03-16,0.11578534832941514
2015-03-17,0.11483413390265196
2015-03-18,0.11616817623653566
2015-03-19,0.11341442113672885
2015-03-20,0.1130470622985454
2015-03-21,0.1136822508313653
2015-03-22,0.10877216245055493
2015-03-23,0.1040366808816104
2015-03-24,0.09999109007615282
2015-03-25,0.09958385690253205
2015-03-26,0.09838134613355548
2015-03-27,0.09572050298230812
2015-03-28,0.093376728652687
2015-03-29,0.09852057822849715
2015-03-30,0.09432639882193028
2015-03-31,0.0901627475930465
2015-04-01,0.09337785227818199
2015-04-02,0.08925893156693486
2015-04-03,0.09597283923691909
2015-04-04,0.09201029254846291
2015-04-05,0.08792516601684276
2015-04-06,0.08439512812379715
2015-04-07,0.08350415235984503
2015-04-08,0.08237155676742479
2015-04-09,0.07989096174788554
2015-04-10,0.08159007500852386
2015-04-11,0.08187919718612666
2015-04-12,0.07827526745361063
2015-04-13,0.07481062327818408
2015-04-14,0.07199802219305311
2015-04-15,0.07367802681602388
2015-04-16,0.07074758843211815
2015-04-17,0.06820482202308799
2015-04-18,0.06765639898607047
2015-04-19,0.06451490852417152
2015-04-20,0.062388355629004404
2015-04-21,0.06145124770678583
2015-04-22,0.06455063628362831
2015-04-23,0.06279780452073738
2015-04-24,0.07225022431923786
2015-04-25,0.07024415891268479
2015-04-26,0.06889807499785282
2015-04-27,0.06865982110956745
2015-04-28,0.06600648929056085
2015-04-29,0.06951943191139484
2015-04-30,0.06826183356056696
2015-05-01,0.06497500382479669
2015-05-02,0.06749979878704065
2015-05-03,0.06570584561302036
2015-05-04,0.062329870750597684
2015-05-05,0.06764111696465964
2015-05-06,0.06407999966160123
2015-05-07,0.0733998142373456
2015-05-08,0.07025124190320962
2015-05-09,0.06731910062124336
2015-05-10,0.07131382617316435
2015-05-11,0.06815575582244417
2015-05-12,0.06784826757608266
2015-05-13,0.06861526172324564
2015-05-14,0.06672732030021526
2015-05-15,0.07177930030082982
2015-05-16,0.06866995038629334
2015-05-17,0.0650414820802566
2015-05-18,0.061922473965144414
2015-05-19,0.058407741007966994
2015-05-20,0.05668279704598997
2015-05-21,0.0535303968089587
2015-05-22,0.050552183908170505
2015-05-23,0.04774079015605626
2015-05-24,0.04528577184244502
2015-05-25,0.04282227784403215
2015-05-26,0.04049188890493475
2015-05-27,0.03894699785356166
2015-05-28,0.036867390725848374
2015-05-29,0.03492684372857891
2015-05-30,0.03311982966114624
2015-05-31,0.03323886285736112
2015-06-01,0.032830332191085915
2015-06-02,0.03226898737307815
2015-06-03,0.03211284529089175
2015-06-04,0.031180297638843193
2015-06-05,0.03105971037834175
2015-06-06,0.029463423513822907
2015-06-07,0.02821727316807666
2015-06-08,0.027234872667804257
2015-06-09,0.02589952339798828
2015-06-10,0.02468167074316799
2015-06-11,0.023646592200357648
2015-06-12,0.024090731462739483
2015-06-13,0.02296676345883555
2015-06-14,0.02255737745500296
2015-06-15,0.022995261724766472
2015-06-16,0.022503296071046307
2015-06-17,0.02267641882414959
2015-06-18,0.021924736682948656
2015-06-19,0.022201359035685146
2015-06-20,0.021366308095160602
2015-06-21,0.02161318695729165
2015-06-22,0.020756161449999477
2015-06-23,0.02060122371133301
2015-06-24,0.02171433664320107
2015-06-25,0.021657832234926913
2015-06-26,0.020894242686875092
2015-06-27,0.020623720433262268
2015-06-28,0.021085365761335562
2015-06-29,0.020783203669960226
2015-06-30,0.020237888535965635
2015-07-01,0.022522951187303974
2015-07-02,0.021779838133316468
2015-07-03,0.022014874794164082
2015-07-04,0.022652420777399786
2015-07-05,0.024032143048679053
2015-07-06,0.023307282351906235
2015-07-07,0.02313535385081691
2015-07-08,0.02339087232097799
2015-07-09,0.02320301740888843
2015-07-10,0.025193115374984112
2015-07-11,0.027056324459979474
2015-07-12,0.030368676919931642
2015-07-13,0.029593119037757656
2015-07-14,0.029179823233622493
2015-07-15,0.028701588926102514
2015-07-16,0.028270007467925583
2015-07-17,0.02768047069611077
2015-07-18,0.02710255334697912
2015-07-19,0.026740127601638332
2015-07-20,0.02664360591901544
2015-07-21,0.026636089409779448
2015-07-22,0.02620802952141723
2015-07-23,0.025967899912418317
2015-07-24,0.02576660394165972
2015-07-25,0.025574261531983368
2015-07-26,0.02521997254857502
2015-07-27,0.025278202948333325
2015-07-28,0.024983337971900568
2015-07-29,0.025762370054430994
2015-07-30,0.026632726431258018
2015-07-31,0.02650783362259688
2015-08-01,0.027458115472544956
2015-08-02,0.03073784719116753
2015-08-03,0.03199150384430457
2015-08-04,0.0317470509005768
2015-08-05,0.03213657803446011
2015-08-06,0.032284310179596695
2015-08-07,0.03271217034144566
2015-08-08,0.03357000296691336
2015-08-09,0.033389930462987286
2015-08-10,0.033040460530889645
2015-08-11,0.03286999593295122
2015-08-12,0.03332276418305655
2015-08-13,0.033136340005147875
2015-08-14,0.043519953538357616
2015-08-15,0.04292506253570873
2015-08-16,0.043336191201016575
2015-08-17,0.043411498405603606
2015-08-18,0.04289200231773953
2015-08-19,0.042584880197942585
2015-08-20,0.04211068817457106
2015-08-21,0.04193193245927913
2015-08-22,0.04172547199555839
2015-08-23,0.041894479195670194
2015-08-24,0.05441965032249199
2015-08-25,0.055499822054029764
2015-08-26,0.060230190141947706
2015-08-27,0.06133017262002818
2015-08-28,0.06041741222846613
2015-08-29,0.06205752073307456
2015-08-30,0.06111135139548558
2015-08-31,0.06011768409126802
2015-09-01,0.05989496912505399
2015-09-02,0.0589645687984183
2015-09-03,0.058152122852391686
2015-09-04,0.062139394573010716
2015-09-05,0.06125828114730806
2015-09-06,0.060291949403006286
2015-09-07,0.05956982516167236
2015-09-08,0.058730191941995434
2015-09-09,0.0589455298595402
2015-09-10,0.05850821436399234
2015-09-11,0.05778734342725727
2015-09-12,0.05698161753424189
2015-09-13,0.05625057640717002
2015-09-14,0.07143708211559059
2015-09-15,0.07037039952124483
2015-09-16,0.07114845407991759
2015-09-17,0.09153530514746833
2015-09-18,0.08988142797887273
2015-09-19,0.08936943337349419
2015-09-20,0.08751892162107927
2015-09-21,0.08678631647541926
2015-09-22,0.08503304370690448
2015-09-23,0.08737942042637228
2015-09-24,0.08569168512562461
2015-09-25,0.08397608467581642
2015-09-26,0.08358078812216622
2015-09-27,0.08293708134125559
2015-09-28,0.08134606241118704
2015-09-29,0.08066992712684398
2015-09-30,0.08022947684257865
2015-10-01,0.07916289979149863
2015-10-02,0.07773895986469061
2015-10-03,0.07646422659853838
2015-10-04,0.07522647414858262
2015-10-05,0.07395629070420309
2015-10-06,0.09598401702669772
2015-10-07,0.10060331374496365
2015-10-08,0.10901627020260868
2015-10-09,0.10652069215754831
2015-10-10,0.10539417195601648
2015-10-11,0.10551534906890316
2015-10-12,0.10308045160394948
2015-10-13,0.10088924091872649
2015-10-14,0.09863820176670646
2015-10-15,0.09654216802051355
2015-10-16,0.0945772278924007
2015-10-17,0.09266064864208004
2015-10-18,0.09072547857445198
2015-10-19,0.08959390213956878
2015-10-20,0.08940603569119628
2015-10-21,0.08784331080979316
2015-10-22,0.08671187969829702
2015-10-23,0.08501647928255249
2015-10-24,0.08456351368599598
2015-10-25,0.08972290236592512
2015-10-26,0.08884709854103497
2015-10-27,0.08763649857908709
2015-10-28,0.09020074733397582
2015-10-29,0.0969515207941734
2015-10-30,0.0960088161506398
2015-10-31,0.0939445309983032
2015-11-01,0.09236272824942103
2015-11-02,0.11030380706341929
2015-11-03,0.11410449703373962
2015-11-04,0.11450070817916536
2015-11-05,0.11186834404735319
2015-11-06,0.11466252247213597
2015-11-07,0.11197769023229506
2015-11-08,0.10946546337899621
2015-11-09,0.1079751769410272
2015-11-10,0.10703362158949936
2015-11-11,0.10467865380295112
2015-11-12,0.1147144618114459
2015-11-13,0.11216394457751508
2015-11-14,0.11012609883480243
2015-11-15,0.1102319066759242
2015-11-16,0.10905245020987453
2015-11-17,0.1070981056983556
2015-11-18,0.10481118813845088
2015-11-19,0.1023621389485705
2015-11-20,0.10086663406452027
2015-11-21,0.1033255078221846
2015-11-22,0.13238295755699042
2015-11-23,0.13144689264416515
2015-11-24,0.12825934233042816
2015-11-25,0.12853429765636257
2015-11-26,0.13744836631726828
2015-11-27,0.13715113014081248
2015-11-28,0.13324848880933768
2015-11-29,0.12997055021945259
2015-11-30,0.126526108384159
2015-12-01,0.1254107667457906
2015-12-02,0.12368442390793635
2015-12-03,0.1218059527076251
2015-12-04,0.11853098856000531
2015-12-05,0.11926121736858177
2015-12-06,0.11634041377898763
2015-12-07,0.11343645934270878
2015-12-08,0.11072670606569476
2015-12-09,0.1112532291102485
2015-12-10,0.1155963974663202
2015-12-11,0.11688467906206448
2015-12-12,0.11427538227205758
2015-12-13,0.11259004186495725
2015-12-14,0.11005976956883612
2015-12-15,0.10918810258948548
2015-12-16,0.1069768233692022
2015-12-17,0.10461317119868493
2015-12-18,0.10340428464853552
2015-12-19,0.10545299208456735
2015-12-20,0.10286258409144114
2015-12-21,0.10373744218677772
2015-12-22,0.10116297180638616
2015-12-23,0.0994102997489094
2015-12-24,0.10356766967190158
2015-12-25,0.10125705554280746
2015-12-26,0.0988333776108068
2015-12-27,0.0984900619145895
2015-12-28,0.09648148412434815
2015-12-29,0.0943440266975408
2015-12-30,0.09335672789596883
2015-12-31,0.09310702348100096
2016-01-01,0.09184024089930022
2016-01-02,0.09179303517518907
2016-01-03,0.09029599407577689
2016-01-04,0.0996616720971575
2016-01-05,0.10625206420981478
2016-01-06,0.10339093106092218
2016-01-07,0.11083352035811668
2016-01-08,0.1136970051101047
2016-01-09,0.11159123130389974
2016-01-10,0.1099503157393048
2016-01-11,0.12136177381800481
2016-01-12,0.12072444611038616
2016-01-13,0.11743635686455325
2016-01-14,0.11659060018306443
2016-01-15,0.11323190634050777
2016-01-16,0.11140669988126835
2016-01-17,0.1101276490442131
2016-01-18,0.11191905391566
2016-01-19,0.1127154555924198
2016-01-20,0.11810536264722002
2016-01-21,0.11791250084855279
2016-01-22,0.11589979082613204
2016-01-23,0.11448676926776816
2016-01-24,0.11348078325850479
2016-01-25,0.10996509005291019
2016-01-26,0.10979542273744779
2016-01-27,0.10795232658990014
2016-01-28,0.10563465370516499
2016-01-29,0.10466311719460313
2016-01-30,0.1038163258415329
2016-01-31,0.10069594819544246
2016-02-01,0.09789841913873924
2016-02-02,0.0961531509726904
2016-02-03,0.10242197118929987
2016-02-04,0.11000907034885136
2016-02-05,0.10689626491697972
2016-02-06,0.10369657762757686
2016-02-07,0.10085833334897837
2016-02-08,0.10917013762712936
2016-02-09,0.10659972276784356
2016-02-10,0.12147121687619009
2016-02-11,0.11811838230286964
2016-02-12,0.11399445508305296
2016-02-13,0.11775448574196676
2016-02-14,0.11614352872074901
2016-02-15,0.1182818096571616
2016-02-16,0.11457645216994436
2016-02-17,0.11232901118980576
2016-02-18,0.10834431072878449
2016-02-19,0.10543540197520229
2016-02-20,0.10307104094579413
2016-02-21,0.09952702589188445
2016-02-22,0.09677166225428305
2016-02-23,0.09687706905221775
2016-02-24,0.09511429539017026
2016-02-25,0.09720459114142392
2016-02-26,0.0941966881926007
2016-02-27,0.09280249362478286
2016-02-28,0.1088552551382057
2016-02-29,0.10490343814942392
2016-03-01,0.1060176845732847
2016-03-02,0.12431951834676282
2016-03-03,0.1287045954240746
2016-03-04,0.12826787485893096
2016-03-05,0.13077855709839079
2016-03-06,0.12817055560749271
2016-03-07,0.12458394008412334
2016-03-08,0.12166329511993437
2016-03-09,0.11688706607672152
2016-03-10,0.11703768914432475
2016-03-11,0.11356595161375804
2016-03-12,0.11425217404104407
2016-03-13,0.11104233250184575
2016-03-14,0.10641440378471773
2016-03-15,0.10316661130934762
2016-03-16,0.10041777567488228
2016-03-17,0.0967223376851173
2016-03-18,0.09522022965055964
2016-03-19,0.09186481910273478
2016-03-20,0.08845154951922754
2016-03-21,0.08706441615445538
2016-03-22,0.08487504809331094
2016-03-23,0.08364254598422154
2016-03-24,0.08030350680807845
2016-03-25,0.07993239624158208
2016-03-26,0.07713703185587677
2016-03-27,0.07730741724364698
2016-03-28,0.07550663886127755
2016-03-29,0.07430436406210256
2016-03-30,0.0716528193945682
2016-03-31,0.07110905505323908
2016-04-01,0.09547766845681956
2016-04-02,0.1004664685424571
2016-04-03,0.09589459241523557
2016-04-04,0.09201088857035086
2016-04-05,0.08777476973488929
2016-04-06,0.08740419459536306
2016-04-07,0.08886863521527182
2016-04-08,0.08520125026077338
2016-04-09,0.08441208690075507
2016-04-10,0.08122478161337442
2016-04-11,0.08433427259532968
2016-04-12,0.08074392416857579
2016-04-13,0.07703648913120813
2016-04-14,0.07747127274494892
2016-04-15,0.07569497323795268
2016-04-16,0.07223774424722397
2016-04-17,0.07479568571016512
2016-04-18,0.07160639538189696
2016-04-19,0.06878003974412991
2016-04-20,0.06634815658271771
2016-04-21,0.06706138551364116
2016-04-22,0.06677889883426248
2016-04-23,0.06929390851832684
2016-04-24,0.06631547847754395
2016-04-25,0.06396631238642414
2016-04-26,0.061128291358915864
2016-04-27,0.05864206050581756
2016-04-28,0.05643992832854389
2016-04-29,0.05398991373962211
2016-04-30,0.054705922997440044
2016-05-01,0.05778477950600619
2016-05-02,0.058633788599027056
2016-05-03,0.05580987580863091
2016-05-04,0.05300600566900944
2016-05-05,0.05176540130876089
2016-05-06,0.0491686659582808
2016-05-07,0.054769681069614544
2016-05-08,0.052039171828389616
2016-05-09,0.05850853013853958
2016-05-10,0.05545612667395625
2016-05-11,0.05258142505330157
2016-05-12,0.05085514970060627
2016-05-13,0.0505780876325192
2016-05-14,0.04800788868501367
2016-05-15,0.045469700585954426
2016-05-16,0.047302762892056
2016-05-17,0.045501881979365014
2016-05-18,0.043132942283422585
2016-05-19,0.04429237389938473
2016-05-20,0.04243439700443595
2016-05-21,0.04100547593134504
2016-05-22,0.04172187322894108
2016-05-23,0.04511772459107565
2016-05-24,0.043741281879165025
2016-05-25,0.04212733545939894
2016-05-26,0.04017231474202467
2016-05-27,0.038103114876524166
2016-05-28,0.03609874482903281
2016-05-29,0.038198080260133195
2016-05-30,0.041900264723121604
2016-05-31,0.04135844571879426
2016-06-01,0.040432553612443356
2016-06-02,0.03829731677630057
2016-06-03,0.04126327144971076
2016-06-04,0.04628189669913841
2016-06-05,0.05105116343621691
2016-06-06,0.04896171683193987
2016-06-07,0.046213839615282214
2016-06-08,0.04486566116788756
2016-06-09,0.04610692007746425
2016-06-10,0.04451598224332242
2016-06-11,0.04234410699834024
2016-06-12,0.04062797208100089
2016-06-13,0.04305487754692113
2016-06-14,0.04558002700498956
2016-06-15,0.043296698196186145
2016-06-16,0.044506907672088133
2016-06-17,0.042223072698053
2016-06-18,0.04096303850623285
2016-06-19,0.03932883518585367
2016-06-20,0.03788830881247119
2016-06-21,0.03835126332192577
2016-06-22,0.03690778830329754
2016-06-23,0.03550408800911374
2016-06-24,0.033953421326566535
2016-06-25,0.03379109116266667
2016-06-26,0.03235277407822753
2016-06-27,0.031389418178391
2016-06-28,0.03090771691978978
2016-06-29,0.03064493095253019
2016-06-30,0.029543258383182384
2016-07-01,0.028516388580072233
2016-07-02,0.027830362150339388
2016-07-03,0.02768165896979079
2016-07-04,0.02775835022009706
2016-07-05,0.026870638239286773
2016-07-06,0.026060528380088696
2016-07-07,0.025638511771010775
2016-07-08,0.02500949955749576
2016-07-09,0.025983382137694286
2016-07-10,0.025346395328270998
2016-07-11,0.025511827923496367
2016-07-12,0.024938324845545992
2016-07-13,0.02489607615095854
2016-07-14,0.024719991116934945
2016-07-15,0.02425503527374751
2016-07-16,0.024105237561727638
2016-07-17,0.02486665450203447
2016-07-18,0.024517376294153036
2016-07-19,0.02434760931851492
2016-07-20,0.03402209250944174
2016-07-21,0.03346816550921384
2016-07-22,0.03354049216798997
2016-07-23,0.035400281907044126
2016-07-24,0.034732348015899646
2016-07-25,0.034116212871028374
2016-07-26,0.03354674227136436
2016-07-27,0.03310725671067593
2016-07-28,0.03274098358569097
2016-07-29,0.032969093364371566
2016-07-30,0.03287103405776291
2016-07-31,0.033223914040603805
2016-08-01,0.03298921372614184
2016-08-02,0.03260254988641335
2016-08-03,0.032261315105177026
2016-08-04,0.032042944979733146
2016-08-05,0.03312734312763995
2016-08-06,0.032732824278760723
2016-08-07,0.033641891648468925
2016-08-08,0.033857879030893295
2016-08-09,0.035840177307000134
2016-08-10,0.038392749167981306
2016-08-11,0.03818280845423639
2016-08-12,0.03771438607666814
2016-08-13,0.03826091799865402
2016-08-14,0.039345523211663215
2016-08-15,0.04143102598672999
2016-08-16,0.041107915794090656
2016-08-17,0.04087092015874384
2016-08-18,0.04058095843983406
2016-08-19,0.0429655645774886
2016-08-20,0.04261314141443742
2016-08-21,0.042847208067849994
2016-08-22,0.04311527997269881
2016-08-23,0.04341604262144919
2016-08-24,0.04304725107089422
2016-08-25,0.04265565917199413
2016-08-26,0.0423331386106987
2016-08-27,0.04217778655452826
2016-08-28,0.04343848372589057
2016-08-29,0.04300682056768581
2016-08-30,0.042633818268161615
2016-08-31,0.04430460034220328
2016-09-01,0.045190813973619216
2016-09-02,0.044859012211367
2016-09-03,0.04472336594617419
2016-09-04,0.04451439555210859
2016-09-05,0.0442488248042907
2016-09-06,0.04510332931240104
2016-09-07,0.04468917907087127
2016-09-08,0.048665915241546925
2016-09-09,0.04962666348421551
2016-09-10,0.049536814248734594
2016-09-11,0.049315556587915074
2016-09-12,0.0491826093099706
2016-09-13,0.049110529582972885
2016-09-14,0.05455131301484248
2016-09-15,0.05540097203253831
2016-09-16,0.05543542867819582
2016-09-17,0.0554346628446952
2016-09-18,0.05578682400848819
2016-09-19,0.05591913975915788
2016-09-20,0.05918428300549342
2016-09-21,0.05873757631037559
2016-09-22,0.05925235716695032
2016-09-23,0.059757665380914295
2016-09-24,0.06200769148526725
2016-09-25,0.0611540478165393
2016-09-26,0.06794424023742918
2016-09-27,0.06694556942980842
2016-09-28,0.06631854610559228
2016-09-29,0.06694441355052115
2016-09-30,0.06604362382340737
2016-10-01,0.06808693598479276
2016-10-02,0.06728287329696984
2016-10-03,0.0681089032330586
2016-10-04,0.0685625432748375
2016-10-05,0.0684529758100889
2016-10-06,0.06791782358966351
2016-10-07,0.06808809979583229
2016-10-08,0.06802321713783568
2016-10-09,0.06699446289188225
2016-10-10,0.06743217295219812
2016-10-11,0.07137411309732745
2016-10-12,0.07448045137710921
2016-10-13,0.07470792663279842
2016-10-14,0.07490790038581882
2016-10-15,0.07558633072629027
2016-10-16,0.07435060460422895
2016-10-17,0.07556039096786625
2016-10-18,0.0798975132419618
2016-10-19,0.07845569728645246
2016-10-20,0.0780762907266987
2016-10-21,0.07734288278395163
2016-10-22,0.07604337521342375
2016-10-23,0.07810217004789755
2016-10-24,0.07795316424964271
2016-10-25,0.07665345277514748
2016-10-26,0.07575992578987426
2016-10-27,0.07814176746177928
2016-10-28,0.07696472827538287
2016-10-29,0.0780059239397298
2016-10-30,0.07804645599696991
2016-10-31,0.08041138597239407
2016-11-01,0.08169197235425361
2016-11-02,0.08136360648343374
2016-11-03,0.08473961191504308
2016-11-04,0.08314856502884467
2016-11-05,0.08161033715902324
2016-11-06,0.10351567343891936
2016-11-07,0.1011420703385828
2016-11-08,0.09952480911652024
2016-11-09,0.1033253050902645
2016-11-10,0.1121570924055199
2016-11-11,0.11636042560957331
2016-11-12,0.11484503920527729
2016-11-13,0.11877035892037852
2016-11-14,0.11575277806886551
2016-11-15,0.11712510431995408
2016-11-16,0.11446283642388988
2016-11-17,0.11183984069452998
2016-11-18,0.11666309633835147
2016-11-19,0.11386497181008959
2016-11-20,0.11132571438895353
2016-11-21,0.12752111336784117
2016-11-22,0.12826880835764395
2016-11-23,0.14256907868460922
2016-11-24,0.1460736542932648
2016-11-25,0.14187335990203778
2016-11-26,0.1383472756869604
2016-11-27,0.1353860768061125
2016-11-28,0.1317482295878752
2016-11-29,0.13090040128736724
2016-11-30,0.1274061524418127
2016-12-01,0.13279106192755824
2016-12-02,0.13789660514546523
2016-12-03,0.13637101863669124
2016-12-04,0.13244036399539788
2016-12-05,0.1353590739612933
2016-12-06,0.132920763076776
2016-12-07,0.13763405315569066
2016-12-08,0.13361944153986052
2016-12-09,0.13772348647338348
2016-12-10,0.13480827536937853
2016-12-11,0.1377985428601538
2016-12-12,0.13937209512660922
2016-12-13,0.1402741333666216
2016-12-14,0.13662380190398832
2016-12-15,0.13304728133921384
2016-12-16,0.13123254865761896
2016-12-17,0.1281909641674648
2016-12-18,0.13895279841621824
2016-12-19,0.1355622183029213
2016-12-20,0.13167351989928108
2016-12-21,0.132396290084754
2016-12-22,0.1304753563126386
2016-12-23,0.12950209897580112
2016-12-24,0.12908654715961893
2016-12-25,0.12568079219136066
2016-12-26,0.1220128654108645
2016-12-27,0.13728512608694202
2016-12-28,0.13312193443147108
2016-12-29,0.12910747235452488
2016-12-30,0.12525852995239117
2016-12-31,0.12239813842030013
2017-01-01,0.12581387796950388
2017-01-02,0.12234430288946292
2017-01-03,0.11891540121107819
2017-01-04,0.12742520846005417
2017-01-05,0.1236566756732443
2017-01-06,0.12440895673180251
2017-01-07,0.1226383466990803
2017-01-08,0.1203322878806351
2017-01-09,0.11967703762624551
2017-01-10,0.11774215555235051
2017-01-11,0.11951130593493968
2017-01-12,0.12055786389574583
2017-01-13,0.12239279169119927
2017-01-14,0.13332758048127347
2017-01-15,0.12903095238569862
2017-01-16,0.1267892204427795
2017-01-17,0.12470977181318822
2017-01-18,0.12128257134809642
2017-01-19,0.1192928473861918
2017-01-20,0.11938355169316732
2017-01-21,0.11594582745830061
2017-01-22,0.1124448564833703
2017-01-23,0.11093357617157733
2017-01-24,0.11106244879406003
2017-01-25,0.11336833067211888
2017-01-26,0.11054946814885723
2017-01-27,0.10790268201766395
2017-01-28,0.1077861765389417
2017-01-29,0.10825876485915156
2017-01-30,0.10843070849776103
2017-01-31,0.10678924581446639
2017-02-01,0.10556846590413711
2017-02-02,0.10237454237279404
2017-02-03,0.10762428798037206
2017-02-04,0.11118879458902986
2017-02-05,0.11416736665442007
2017-02-06,0.1277365586552449
2017-02-07,0.12862965227657874
2017-02-08,0.12407861035606395
2017-02-09,0.12395765710247236
2017-02-10,0.13011507267324512
2017-02-11,0.12690933022661582
2017-02-12,0.12316085563416992
2017-02-13,0.12414333096394536
2017-02-14,0.12318515907959827
2017-02-15,0.13412707296725734
2017-02-16,0.12907792402703502
2017-02-17,0.1298767295150726
2017-02-18,0.13076731072055112
2017-02-19,0.12795060722298515
2017-02-20,0.12515963732539165
2017-02-21,0.12260769639683972
2017-02-22,0.12017014539367199
2017-02-23,0.11959341980986486
2017-02-24,0.1160957390593735
2017-02-25,0.11457745011158117
2017-02-26,0.11472509072390696
2017-02-27,0.112271085583872
2017-02-28,0.12140940145049947
2017-03-01,0.12027310948602414
2017-03-02,0.12664156687843908
2017-03-03,0.1300815093643654
2017-03-04,0.13737380509201305
2017-03-05,0.136278474110221
2017-03-06,0.1308490547855295
2017-03-07,0.1303160397576335
2017-03-08,0.12816907978878733
2017-03-09,0.12930046599553544
2017-03-10,0.12549784985071546
2017-03-11,0.1266004185593639
2017-03-12,0.12132919468321832
2017-03-13,0.1230687061676269
2017-03-14,0.1259359991377898
2017-03-15,0.12049972462197549
2017-03-16,0.12239871192840582
2017-03-17,0.11708174713948688
2017-03-18,0.11495689427129215
2017-03-19,0.11324995350077044
2017-03-20,0.11426934326889351
2017-03-21,0.1093083307056967
2017-03-22,0.10459203423389572
2017-03-23,0.10416193395763952
2017-03-24,0.09963610226301797
2017-03-25,0.10026416104478901
2017-03-26,0.09935038032336
2017-03-27,0.09500582663364954
2017-03-28,0.0919609113814428
2017-03-29,0.09885417103321543
2017-03-30,0.09565736922360017
2017-03-31,0.09140112643936457
2017-04-01,0.08750447230886467
2017-04-02,0.08510898430044248
2017-04-03,0.08361581193032273
2017-04-04,0.08161901271470974
2017-04-05,0.07838613035306524
2017-04-06,0.0749716986065037
2017-04-07,0.07185928854977486
2017-04-08,0.06891155834484916
2017-04-09,0.06597457072424463
2017-04-10,0.06343288970650261
2017-04-11,0.060867352302702196
2017-04-12,0.0609118913421703
2017-04-13,0.06012000858729089
2017-04-14,0.05798032409886352
2017-04-15,0.05731874335307603
2017-04-16,0.05516264600187152
2017-04-17,0.054292635583020485
2017-04-18,0.053952646785749465
2017-04-19,0.052212481296567484
2017-04-20,0.050348503422497755
2017-04-21,0.05388914943321855
2017-04-22,0.05162629726036512
2017-04-23,0.04939779001872493
2017-04-24,0.05780650671266713
2017-04-25,0.055605118925152436
2017-04-26,0.053048079750581685
2017-04-27,0.05060832421815182
2017-04-28,0.04834261962101936
2017-04-29,0.04642727761440213
2017-04-30,0.044347624429952215
2017-05-01,0.053369279268568076
2017-05-02,0.06376039865668212
2017-05-03,0.060640637763618936
2017-05-04,0.061983391196737375
2017-05-05,0.05881147433579274
2017-05-06,0.06649140809330187
2017-05-07,0.06320009202330933
2017-05-08,0.06318580992132512
2017-05-09,0.05987387777577365
2017-05-10,0.057533166018292774
2017-05-11,0.056139036136566726
2017-05-12,0.06275015518871545
2017-05-13,0.059675766914230925
2017-05-14,0.05640264061359982
2017-05-15,0.05940203342559758
2017-05-16,0.05660625453459924
2017-05-17,0.05410816523435107
2017-05-18,0.05222860088843883
2017-05-19,0.05503669018953837
2017-05-20,0.05229585785969722
2017-05-21,0.04940440024183631
2017-05-22,0.04711683296217552
2017-05-23,0.04465527360167901
2017-05-24,0.04387747806739938
2017-05-25,0.04149595486247654
2017-05-26,0.03955087370261586
2017-05-27,0.037534287356031454
2017-05-28,0.035539876322021026
2017-05-29,0.03379131748365961
2017-05-30,0.03217384651043481
2017-05-31,0.03578971939458857
2017-06-01,0.03389081442860382
2017-06-02,0.032203978891479454
2017-06-03,0.031259470519227124
2017-06-04,0.03037031679658309
2017-06-05,0.028962258945535824
2017-06-06,0.028144266096273445
2017-06-07,0.02914316451028498
2017-06-08,0.03317788027363854
2017-06-09,0.033271015056938844
2017-06-10,0.0322766131824392
2017-06-11,0.03282791384660946
2017-06-12,0.031148782748379823
2017-06-13,0.029588476108450504
2017-06-14,0.028144798681126064
2017-06-15,0.026871272445034827
2017-06-16,0.025790277153992226
2017-06-17,0.026096490046545687
2017-06-18,0.025254401561840008
2017-06-19,0.024125355109034196
2017-06-20,0.02376818049211689
2017-06-21,0.02338052092446017
2017-06-22,0.022437652191733586
2017-06-23,0.02159439601392249
2017-06-24,0.021082861102055487
2017-06-25,0.02068826681242632
2017-06-26,0.02008301346993251
2017-06-27,0.020467940571590817
2017-06-28,0.020328429198425278
2017-06-29,0.04068729035762461
2017-06-30,0.04152575320141497
2017-07-01,0.040181083546575694
2017-07-02,0.03897965856729211
2017-07-03,0.040272265160064054
2017-07-04,0.03876504610949445
2017-07-05,0.037444526871039684
2017-07-06,0.037077685765856634
2017-07-07,0.036532166012809446
2017-07-08,0.03549580719305401
2017-07-09,0.035257436236491996
2017-07-10,0.034345843347939393
2017-07-11,0.033409704277739
2017-07-12,0.03422403776297161
2017-07-13,0.03342337661752167
2017-07-14,0.032554285415783785
2017-07-15,0.032240016221670366
2017-07-16,0.0316951600604917
2017-07-17,0.031031584420742737
2017-07-18,0.03033979284070748
2017-07-19,0.03099468354469258
2017-07-20,0.03087308015684232
2017-07-21,0.03027483985125572
2017-07-22,0.030047062715153262
2017-07-23,0.032436049304741844
2017-07-24,0.03183564630428672
2017-07-25,0.0313884576514521
2017-07-26,0.031030668176082465
2017-07-27,0.03328708346466933
2017-07-28,0.033258988451810745
2017-07-29,0.03305071815456869
2017-07-30,0.03326315460200365
2017-07-31,0.03302096310715403
2017-08-01,0.03325696218973533
2017-08-02,0.034658837470898644
2017-08-03,0.03524552465355254
2017-08-04,0.035196444694037064
2017-08-05,0.03521224495166588
2017-08-06,0.03573787357653714
2017-08-07,0.0360280689401155
2017-08-08,0.03613647965519706
2017-08-09,0.03569531916462379
2017-08-10,0.03836983097424452
2017-08-11,0.03820986178782826
2017-08-12,0.03776703467780228
2017-08-13,0.03912317281437535
2017-08-14,0.03868850190744154
2017-08-15,0.038473089145370315
2017-08-16,0.03852827623271022
2017-08-17,0.039643608647397514
2017-08-18,0.03982515485751736
2017-08-19,0.03954138547067471
2017-08-20,0.03924549767309039
2017-08-21,0.03910390198458587
2017-08-22,0.038817147652310036
2017-08-23,0.0384779882457821
2017-08-24,0.039182724509954976
2017-08-25,0.03888522282020621
2017-08-26,0.03890306790758017
2017-08-27,0.03904398008703861
2017-08-28,0.0397111531766506
2017-08-29,0.04010157752685681
2017-08-30,0.04028508031533889
2017-08-31,0.04010379330753888
2017-09-01,0.04304144089560661
2017-09-02,0.04461951415765949
2017-09-03,0.044200666022902214
2017-09-04,0.0438447617434542
2017-09-05,0.04345355117982612
2017-09-06,0.04427287496278109
2017-09-07,0.04418671547024252
2017-09-08,0.043839242914756014
2017-09-09,0.043436794384432764
2017-09-10,0.054362048539602366
2017-09-11,0.056211753661570746
2017-09-12,0.06000184136713528
2017-09-13,0.06277407111835832
2017-09-14,0.06251044277693052
2017-09-15,0.06560414789703606
2017-09-16,0.06474412178914234
2017-09-17,0.06509170886460688
2017-09-18,0.064122999537333
2017-09-19,0.06315480570650829
2017-09-20,0.06675908780669139
2017-09-21,0.06570988269789124
2017-09-22,0.0662071210100497
2017-09-23,0.06528252063506573
2017-09-24,0.06447959686675507
2017-09-25,0.06364829704133056
2017-09-26,0.06680412263764543
2017-09-27,0.06773852411939253
2017-09-28,0.06762961143997244
2017-09-29,0.06785905831935302
2017-09-30,0.06792862675074181
2017-10-01,0.06741382266155589
2017-10-02,0.06826278211170779
2017-10-03,0.0672803654609114
2017-10-04,0.06626961427698379
2017-10-05,0.06556677169388396
2017-10-06,0.06475352259190033
2017-10-07,0.0655601545374687
2017-10-08,0.06608815849492992
2017-10-09,0.06891674344185837
2017-10-10,0.06822145101142779
2017-10-11,0.06811221902424085
2017-10-12,0.0671101995958057
2017-10-13,0.06733138909749806
2017-10-14,0.06643972919568712
2017-10-15,0.066664254196269
2017-10-16,0.06755663342070263
2017-10-17,0.06657735806002478
2017-10-18,0.06579940189856245
2017-10-19,0.06493740973782332
2017-10-20,0.06444487101750285
2017-10-21,0.06475012614189272
2017-10-22,0.0666155500321559
2017-10-23,0.06702390598839394
2017-10-24,0.06647969616809943
2017-10-25,0.06559445174215607
2017-10-26,0.07056022200167182
2017-10-27,0.07026645744387791
2017-10-28,0.06930979239377612
2017-10-29,0.06914214300743618
2017-10-30,0.06826812973981698
2017-10-31,0.0677875569331486
2017-11-01,0.06691872908426393
2017-11-02,0.06603425799619149
2017-11-03,0.06535788761738509
2017-11-04,0.06747581196023937
2017-11-05,0.0675972412754174
2017-11-06,0.0685949730969261
2017-11-07,0.07629977947468687
2017-11-08,0.07797476017704946
2017-11-09,0.0766738926852136
2017-11-10,0.07830762126823795
2017-11-11,0.0781232575163983
2017-11-12,0.07882810645200802
2017-11-13,0.0782413862643746
2017-11-14,0.08452561193323632
2017-11-15,0.087778555482945
2017-11-16,0.08823839331005962
2017-11-17,0.09274307035593053
2017-11-18,0.09529588019796145
2017-11-19,0.09365105736328896
2017-11-20,0.09246391600591432
2017-11-21,0.09066349345961679
2017-11-22,0.09055224934375228
2017-11-23,0.08917569059535348
2017-11-24,0.08759531422079911
2017-11-25,0.08587235609114177
2017-11-26,0.08444725714734551
2017-11-27,0.08327512786156362
2017-11-28,0.08897857071446666
2017-11-29,0.08921713192372686
2017-11-30,0.08752649023435818
2017-12-01,0.08631659288698669
2017-12-02,0.0910864572986406
2017-12-03,0.09275648638388154
2017-12-04,0.09322347225141624
2017-12-05,0.09170266245809486
2017-12-06,0.09118363304637801
2017-12-07,0.08926634200117534
2017-12-08,0.09186029556536326
2017-12-09,0.08990908851557651
2017-12-10,0.09000814949387118
2017-12-11,0.12991113271265575
2017-12-12,0.13423092316884463
2017-12-13,0.14182252993826028
2017-12-14,0.14884072226105985
2017-12-15,0.14543687047245332
2017-12-16,0.1433821594593279
2017-12-17,0.1407791956149173
2017-12-18,0.1371103842575303
2017-12-19,0.13299679512491316
2017-12-20,0.1290818401693681
2017-12-21,0.1312169390626982
2017-12-22,0.12918860502127238
2017-12-23,0.12807658446529227
2017-12-24,0.1245439652272009
2017-12-25,0.12147088809672894
2017-12-26,0.11860315995332278
2017-12-27,0.12690678265713085
2017-12-28,0.1485770138639765
2017-12-29,0.14387862616957198
2017-12-30,0.1393039901205793
2017-12-31,0.13592951266758205
2018-01-01,0.1321583867306064
2018-01-02,0.13499149588822987
2018-01-03,0.1308650660156797
2018-01-04,0.12742511076620752
2018-01-05,0.12600138842093747
2018-01-06,0.12467519181622715
2018-01-07,0.12357203763625528
2018-01-08,0.12161295483944101
2018-01-09,0.12203267085020093
2018-01-10,0.12087475384301974
2018-01-11,0.11995501438104951
2018-01-12,0.11850487831088018
2018-01-13,0.13247072901855053
2018-01-14,0.12823991606271773
2018-01-15,0.12653936545910954
2018-01-16,0.1228966427714523
2018-01-17,0.12160550000812627
2018-01-18,0.11800310182768764
2018-01-19,0.11659426684126815
2018-01-20,0.12601696102905932
2018-01-21,0.12525908806588054
2018-01-22,0.12121675336181484
2018-01-23,0.1196777462238483
2018-01-24,0.12269658129533408
2018-01-25,0.1210264455229991
2018-01-26,0.11721603334767239
2018-01-27,0.12121671311931138
2018-01-28,0.11731596138609036
2018-01-29,0.11629369209393886
2018-01-30,0.11816841030903599
2018-01-31,0.11521104070703611
2018-02-01,0.11226870791607771
2018-02-02,0.10866149678459634
2018-02-03,0.10619624700779612
2018-02-04,0.10286062312016542
2018-02-05,0.09969689904294976
2018-02-06,0.09987938291684094
2018-02-07,0.09681718600120218
2018-02-08,0.09417806880010977
2018-02-09,0.09202319738867189
2018-02-10,0.09226364622989455
2018-02-11,0.09081036603967574
2018-02-12,0.08811012529602136
2018-02-13,0.08555383751920069
2018-02-14,0.08553116846413668
2018-02-15,0.08308754653166489
2018-02-16,0.09193300611414418
2018-02-17,0.0919471255125981
2018-02-18,0.08905685801794198
2018-02-19,0.08985979451188211
2018-02-20,0.0870240440216129
2018-02-21,0.08800989638701325
2018-02-22,0.08597506069005521
2018-02-23,0.09124612439874484
2018-02-24,0.08888521004742349
2018-02-25,0.09110664263168096
2018-02-26,0.09049904020236112
2018-02-27,0.0882412189210415
2018-02-28,0.08552389626857793
2018-03-01,0.08601907751572617
2018-03-02,0.09490385636141017
2018-03-03,0.09305969957335147
2018-03-04,0.09358752252073499
2018-03-05,0.09267410366632123
2018-03-06,0.0944048228407609
2018-03-07,0.09159578766716606
2018-03-08,0.08931738694128342
2018-03-09,0.08611842300900283
2018-03-10,0.08503674849251311
2018-03-11,0.0841405320850166
2018-03-12,0.09481345739423909
2018-03-13,0.0933962601970811
2018-03-14,0.09756898147610568
2018-03-15,0.10255408910195339
2018-03-16,0.1016947292745719
2018-03-17,0.0978887427806643
2018-03-18,0.09743474838616616
2018-03-19,0.09398203542508553
2018-03-20,0.09475131909429112
2018-03-21,0.09207703886209431
2018-03-22,0.08830989609940998
2018-03-23,0.08585669017448808
2018-03-24,0.08512687962196945
2018-03-25,0.10162918885980556
2018-03-26,0.10163534810544772
2018-03-27,0.09725397449062896
2018-03-28,0.09717211018860472
2018-03-29,0.09310894852095858
2018-03-30,0.09075501753429745
2018-03-31,0.10071874700956197
2018-04-01,0.1021934232030382
2018-04-02,0.10770556944912217
2018-04-03,0.10334969596541829
2018-04-04,0.10048197650110018
2018-04-05,0.10608326645343605
2018-04-06,0.11518720137174901
2018-04-07,0.11331600570553231
2018-04-08,0.10784143177214739
2018-04-09,0.10420714281231247
2018-04-10,0.1028044312463262
2018-04-11,0.09908706586381782
2018-04-12,0.10894271574370187
2018-04-13,0.10476052991887279
2018-04-14,0.09976012837798462
2018-04-15,0.09798667608043568
2018-04-16,0.09574076599558581
2018-04-17,0.09105156263996243
2018-04-18,0.08944174159683575
2018-04-19,0.08494371279278967
2018-04-20,0.08326376809309315
2018-04-21,0.07946929310293359
2018-04-22,0.07666716129471013
2018-04-23,0.07347375984333372
2018-04-24,0.07046126616635981
2018-04-25,0.06702626679545481
2018-04-26,0.06396991915229516
2018-04-27,0.06082816328154145
2018-04-28,0.0591804366615635
2018-04-29,0.05636692323295503
2018-04-30,0.06614268726504782
2018-05-01,0.06451002570662286
2018-05-02,0.06241729674958679
2018-05-03,0.059504796903859986
2018-05-04,0.05648804982589122
2018-05-05,0.05364903540629387
2018-05-06,0.054729730346270905
2018-05-07,0.05219618568978916
2018-05-08,0.05142188281553801
2018-05-09,0.0493332618984239
2018-05-10,0.04716673076476179
2018-05-11,0.04478338034222464
2018-05-12,0.04287007701638216
2018-05-13,0.042096719628206554
2018-05-14,0.04055740201918711
2018-05-15,0.03855674821452504
2018-05-16,0.036762436713511634
2018-05-17,0.036707963425935124
2018-05-18,0.03491198646090717
2018-05-19,0.03335046864427461
2018-05-20,0.03178213053968071
2018-05-21,0.030315484763714325
2018-05-22,0.02918635338007963
2018-05-23,0.03266234340813088
2018-05-24,0.03109965184351667
2018-05-25,0.031379496499604705
2018-05-26,0.03046486443994949
2018-05-27,0.030577995383452565
2018-05-28,0.03011926534220824
2018-05-29,0.03325771918590923
2018-05-30,0.03235279790476462
2018-05-31,0.0320515794566936
2018-06-01,0.030417264246716934
2018-06-02,0.028867076444920658
2018-06-03,0.02750808576924193
2018-06-04,0.027125976433782714
2018-06-05,0.026780415499206612
2018-06-06,0.026209834786772405
2018-06-07,0.025248499872374312
2018-06-08,0.02403676354804952
2018-06-09,0.02290462851944724
2018-06-10,0.021844438185500404
2018-06-11,0.021006532875282726
2018-06-12,0.023449226188009542
2018-06-13,0.023437973378620417
2018-06-14,0.022796419746142077
2018-06-15,0.024689261941855493
2018-06-16,0.02366547310452855
2018-06-17,0.022731115363111717
2018-06-18,0.022312680739403082
2018-06-19,0.021865807882450163
2018-06-20,0.021514247270034446
2018-06-21,0.020626158364379272
2018-06-22,0.019926229625145307
2018-06-23,0.019444961864931574
2018-06-24,0.019000411660920993
2018-06-25,0.018307586656628235
2018-06-26,0.017839084999586197
2018-06-27,0.017460125670450036
2018-06-28,0.017017206038635126
2018-06-29,0.01689540555318324
2018-06-30,0.01676744019823529
2018-07-01,0.016432841470452323
2018-07-02,0.01613931131776081
2018-07-03,0.015711786202456484
2018-07-04,0.015681409263274805
2018-07-05,0.016805163093302915
2018-07-06,0.01671181088075958
2018-07-07,0.016384859330155748
2018-07-08,0.017100359815731
2018-07-09,0.016759819116130868
2018-07-10,0.01728442312260206
2018-07-11,0.017025966801767583
2018-07-12,0.016989461785255545
2018-07-13,0.016954547027011255
2018-07-14,0.016816626462209217
2018-07-15,0.01663908204359005
2018-07-16,0.017438016654761312
2018-07-17,0.017736101555860136
2018-07-18,0.018853354732972113
2018-07-19,0.01914848304480201
2018-07-20,0.01890429815208798
2018-07-21,0.018769091562247497
2018-07-22,0.018612744642249067
2018-07-23,0.01873752444654067
2018-07-24,0.018571945534292932
2018-07-25,0.0192707364953275
2018-07-26,0.020152453489063856
2018-07-27,0.020404704523831797
2018-07-28,0.020289237344362766
2018-07-29,0.02048979361014011
2018-07-30,0.020406255432562394
2018-07-31,0.021884319190841023
2018-08-01,0.021931574045973942
2018-08-02,0.022375109125583995
2018-08-03,0.0226247750108702
2018-08-04,0.02269791950345982
2018-08-05,0.022569501229524155
2018-08-06,0.02245707977379175
2018-08-07,0.0223689122331943
2018-08-08,0.024115810051359904
2018-08-09,0.024106934024555375
2018-08-10,0.024466703786720584
2018-08-11,0.025341250387067426
2018-08-12,0.026122108774060012
2018-08-13,0.027034791202203888
2018-08-14,0.027481185137086975
2018-08-15,0.02836833248639883
2018-08-16,0.02868976506626714
2018-08-17,0.02907922761757317
2018-08-18,0.028983206913552856
2018-08-19,0.029207312490653205
2018-08-20,0.02921387636805053
2018-08-21,0.029088989629209364
2018-08-22,0.02896882002852625
2018-08-23,0.029060521641979233
2018-08-24,0.029366036513236014
2018-08-25,0.029426615209563346
2018-08-26,0.029693742569081576
2018-08-27,0.030111702569259376
2018-08-28,0.03006327320176253
2018-08-29,0.03143891905578579
2018-08-30,0.03134965681917419
2018-08-31,0.03162739298844202
2018-09-01,0.031595609967981116
2018-09-02,0.03173931276846112
2018-09-03,0.03227887250518749
2018-09-04,0.03294207430893396
2018-09-05,0.0328855740181184
2018-09-06,0.03290312268005488
2018-09-07,0.03284133514589265
2018-09-08,0.032806384046104954
2018-09-09,0.03368352974385296
2018-09-10,0.03362105263359109
2018-09-11,0.03367106502948174
2018-09-12,0.033971011049440454
2018-09-13,0.03516772185646472
2018-09-14,0.03509163101643445
2018-09-15,0.03503448506187365
2018-09-16,0.035222905595825665
2018-09-17,0.035347687257572556
2018-09-18,0.035669392604235566
2018-09-19,0.037124870968081175
2018-09-20,0.03784630421297799
2018-09-21,0.03867302658504969
2018-09-22,0.03895183891215237
2018-09-23,0.03886305412008397
2018-09-24,0.039229553695441545
2018-09-25,0.04007285060638663
2018-09-26,0.040259244247671695
2018-09-27,0.045418036401023744
2018-09-28,0.04604294699294906
2018-09-29,0.04640468374217427
2018-09-30,0.046429932897656394
2018-10-01,0.04622042171427462
2018-10-02,0.04649420050890161
2018-10-03,0.04640837434426689
2018-10-04,0.04691252162537266
2018-10-05,0.04677335309510826
2018-10-06,0.04650823992226771
2018-10-07,0.04798647781801353
2018-10-08,0.04921771030434067
2018-10-09,0.049337902497729416
2018-10-10,0.050517152973295884
2018-10-11,0.050146137611431905
2018-10-12,0.05133706819973243
2018-10-13,0.0516004626798936
2018-10-14,0.05176191915735903
2018-10-15,0.06795253200594029
2018-10-16,0.06731398065137245
2018-10-17,0.07105237853005636
2018-10-18,0.07075709420777251
2018-10-19,0.0698422481569207
2018-10-20,0.07103852665366506
2018-10-21,0.07002710229343599
2018-10-22,0.06917383721638343
2018-10-23,0.06836119210057745
2018-10-24,0.07279508737117915
2018-10-25,0.0716596433876019
2018-10-26,0.07280703102104345
2018-10-27,0.07176799975355411
2018-10-28,0.07463647389033409
2018-10-29,0.07401336910634788
2018-10-30,0.09871970064462952
2018-10-31,0.09673870448030739
2018-11-01,0.09578979697605092
2018-11-02,0.10162656328194915
2018-11-03,0.09932741976152736
2018-11-04,0.1007418340494331
2018-11-05,0.09936749622271329
2018-11-06,0.10842266954940635
2018-11-07,0.10967522804404117
2018-11-08,0.1081585048912218
2018-11-09,0.1055823127208529
2018-11-10,0.10690110470116451
2018-11-11,0.10757220360150752
2018-11-12,0.1050257055978423
2018-11-13,0.10706250413698915
2018-11-14,0.10467613751004597
2018-11-15,0.1024848650747311
2018-11-16,0.1002699371237517
2018-11-17,0.09913413338950793
2018-11-18,0.09777158631534362
2018-11-19,0.10570345954504122
2018-11-20,0.10471003712314114
2018-11-21,0.10350651245833528
2018-11-22,0.10135358901233853
2018-11-23,0.10322051075316963
2018-11-24,0.10206878497239082
2018-11-25,0.10015776952530515
2018-11-26,0.11304329550135093
2018-11-27,0.11238344781810103
2018-11-28,0.11314800717095073
2018-11-29,0.11096736869232475
2018-11-30,0.1082087431669826
2018-12-01,0.10668707331171715
2018-12-02,0.10466114797180574
2018-12-03,0.10215696413474329
2018-12-04,0.10070828282141288
2018-12-05,0.09938024255022998
2018-12-06,0.09750749459781982
2018-12-07,0.09546233936214293
2018-12-08,0.09361459394511376
2018-12-09,0.09172947259773252
2018-12-10,0.09199436053337916
2018-12-11,0.09108426638822852
2018-12-12,0.08956179550608805
2018-12-13,0.08778263167326787
2018-12-14,0.10753606193573599
2018-12-15,0.10508801924997126
2018-12-16,0.10254332166610146
2018-12-17,0.10305549476137388
2018-12-18,0.10078745147392783
2018-12-19,0.09867648420374289
2018-12-20,0.09768338264430285
2018-12-21,0.09770316674392021
2018-12-22,0.1009931526112051
2018-12-23,0.10029213312057438
2018-12-24,0.09832695016049621
2018-12-25,0.09636666276536324
2018-12-26,0.0979082329213515
2018-12-27,0.09592448523125027
2018-12-28,0.09548025197898133
2018-12-29,0.09354336020028736
2018-12-30,0.09429449397764621
2018-12-31,0.09261086629198777
